chainID,nft_addr,LP_addr,amt,token
137,0x9fb73c94dc4a303dae7b29594ab6354a900e647b,0xcfd1d657f820404fedb594e5b0981a1b03dd6bef,2.279942691788231,OCEAN
137,0x9fb73c94dc4a303dae7b29594ab6354a900e647b,0xc07df5e9eecee1af4141770e56c2555ac54064e5,1.9268959521221638,OCEAN
137,0x9fb73c94dc4a303dae7b29594ab6354a900e647b,0x655efe6eb2021b8cefe22794d90293aec37bb325,206.28921475299887,OCEAN
137,0x9fb73c94dc4a303dae7b29594ab6354a900e647b,0xeb18bad7365a40e36a41fb8734eb0b855d13b74f,10.598186939294688,OCEAN
137,0x9fb73c94dc4a303dae7b29594ab6354a900e647b,0x291f34a777edbba13554f72e79d74862f5e824e2,18.823831728580707,OCEAN
137,0x9fb73c94dc4a303dae7b29594ab6354a900e647b,0xf0a8802509421df907188434d4fc230cf9271672,670.004691416599,OCEAN
137,0x9fb73c94dc4a303dae7b29594ab6354a900e647b,0xf2f98a98b87beeea252a924eac36b23422efb5fb,313.3623124022916,OCEAN
137,0x9fb73c94dc4a303dae7b29594ab6354a900e647b,0x8e0d1207e312a1761319825882209f0c737f24fc,27.561578734066977,OCEAN
137,0x9fb73c94dc4a303dae7b29594ab6354a900e647b,0xb6013539c28bc1332278ffb1db18fe3ff5b88674,9.501085418186678,OCEAN
137,0x9fb73c94dc4a303dae7b29594ab6354a900e647b,0x859b6c59b5cc9a854bdb2dcc03a05cedaca571df,57.865749534519715,OCEAN
137,0x9fb73c94dc4a303dae7b29594ab6354a900e647b,0x64e98f813a2184c5b41e6c91aa1917d84fd09897,3.020397000021868,OCEAN
137,0x9fb73c94dc4a303dae7b29594ab6354a900e647b,0xfa113845230f524650cbcf238b14202921c2f154,0.4724571824602497,OCEAN
137,0x9fb73c94dc4a303dae7b29594ab6354a900e647b,0xa52a459738892e1a712f4837410520d522e5c624,3.028428148767442,OCEAN
137,0x9fb73c94dc4a303dae7b29594ab6354a900e647b,0xcb9ec343576e452d549bfa57d969d83886c5dabf,8.813149269977263,OCEAN
137,0xbb1081dbf3227bbb233db68f7117114babb43656,0xcfd1d657f820404fedb594e5b0981a1b03dd6bef,0.024835107233847062,OCEAN
137,0xbb1081dbf3227bbb233db68f7117114babb43656,0x1ddb98275a09552b5be11e8e3118684ed6a809fc,0.007695118897549353,OCEAN
137,0xbb1081dbf3227bbb233db68f7117114babb43656,0x53a1f52e5c6edb497181da76e2cd67da619dfaa4,0.004920211820569474,OCEAN
137,0xbb1081dbf3227bbb233db68f7117114babb43656,0x7208cf259fd9dacd13e8e643e2e2687ce04d757d,0.0007790155241350271,OCEAN
137,0xbb1081dbf3227bbb233db68f7117114babb43656,0xb6da110659ef762a381cf2d6f601eb19b5f5d51e,0.00048470876875398645,OCEAN
137,0xbb1081dbf3227bbb233db68f7117114babb43656,0x86e3d8f8c1252600304047adec71785c41671bc2,0.022447783445968754,OCEAN
137,0xbb1081dbf3227bbb233db68f7117114babb43656,0xa911ccf5f6c7bd5fb25188d41a536890c3c8fae5,0.08686554504840961,OCEAN
137,0xbb1081dbf3227bbb233db68f7117114babb43656,0xe4c5e7ea3d8da7607a50d74c11b0d318a2ac9af8,0.0010246220470008739,OCEAN
137,0xbb1081dbf3227bbb233db68f7117114babb43656,0xe1fde9ab0c643778eb27a1cf821dabd23bdfb70e,0.0006925096800423729,OCEAN
137,0xbb1081dbf3227bbb233db68f7117114babb43656,0x1d3c2dc18ca3da0406cfb3634faab589c769215b,5.298069443630616e-05,OCEAN
137,0xbb1081dbf3227bbb233db68f7117114babb43656,0x801e20df4374dba7ab173f17ce0cf1e67d6ad132,0.0019821097819566276,OCEAN
137,0xbb1081dbf3227bbb233db68f7117114babb43656,0x872976a07b1dcc1828b00d514262f3a076eadf91,6.0875806431790766e-05,OCEAN
137,0xbb1081dbf3227bbb233db68f7117114babb43656,0x5c167ddca47bb41a4511bd847962d8e849bc7bf6,0.005346237561166815,OCEAN
137,0xbb1081dbf3227bbb233db68f7117114babb43656,0xd8a7b5f1bf69b66a1ba464af5c6adba17c120eec,0.008090697150684535,OCEAN
137,0xbb1081dbf3227bbb233db68f7117114babb43656,0x7996756d47cca280637279346854aef4405cb882,0.007008637465830149,OCEAN
137,0xbb1081dbf3227bbb233db68f7117114babb43656,0xc11e23434bcfe131c44adfbe1b1a973a7405418c,0.019221075728102152,OCEAN
137,0xbb1081dbf3227bbb233db68f7117114babb43656,0xd2d083b45743579474988c92540f1786f60414e4,0.00033872901068348433,OCEAN
137,0xbb1081dbf3227bbb233db68f7117114babb43656,0xdf2ce0ebe21772e0dfbec85a4cbefee5fb3bb968,0.0009377982039075643,OCEAN
137,0xbb1081dbf3227bbb233db68f7117114babb43656,0x9f43c7d27218be87baac273bac5e91d8dc66a840,0.008668106387169684,OCEAN
137,0xbb1081dbf3227bbb233db68f7117114babb43656,0x06a2006ca85813e652506b865e590f44eae3928a,0.0005841480629293893,OCEAN
137,0xbb1081dbf3227bbb233db68f7117114babb43656,0xdab6f20e51a770e776e62c3dbe695683d45cf859,0.009688556064087805,OCEAN
137,0xbb1081dbf3227bbb233db68f7117114babb43656,0x4e779926cf83b9d2d6f206b1a77fe52b3a391b45,0.001594148661497899,OCEAN
137,0xbb1081dbf3227bbb233db68f7117114babb43656,0xb2c05cc06f3de252fd515f5f1cc5fa184d8cf728,0.037441623676688164,OCEAN
137,0xbb1081dbf3227bbb233db68f7117114babb43656,0xc4b74ae89ef93e683fb4afba8e118d730313d45a,0.01671119473796843,OCEAN
137,0xbb1081dbf3227bbb233db68f7117114babb43656,0xa7d40704a7cf779c8f94b1f4b8a01e919ece9da3,23.765962672383964,OCEAN
137,0xbb1081dbf3227bbb233db68f7117114babb43656,0x8475b523b5fa2db7b77eb5f14edabdefc2102698,0.178119460426062,OCEAN
137,0xbb1081dbf3227bbb233db68f7117114babb43656,0xe724c1d534284f2837f3ab310ef8329bbd7c045e,0.0006727522340139404,OCEAN
137,0xbb1081dbf3227bbb233db68f7117114babb43656,0x0ed8063fcc5b44f664333b59a12d187de6551088,0.00032141355777633314,OCEAN
137,0xbb1081dbf3227bbb233db68f7117114babb43656,0xf062d1b3f658ad32f7896a76807b05ba7a9e7720,0.4617065594493474,OCEAN
137,0xbb1081dbf3227bbb233db68f7117114babb43656,0xfa113845230f524650cbcf238b14202921c2f154,0.0002425010964758758,OCEAN
137,0xbb1081dbf3227bbb233db68f7117114babb43656,0xdd9743f6723fc1467d1ea48ba6bdb9a685b83c0b,0.0019101945767617341,OCEAN
137,0xbb1081dbf3227bbb233db68f7117114babb43656,0x054efb6d55466ba2ffb4133f39ae67985a314bed,0.00233739190078679,OCEAN
137,0xbb1081dbf3227bbb233db68f7117114babb43656,0xa05193a2710bcd9ee95603aed82aab905cfdd209,0.0003765610998181988,OCEAN
137,0xbb1081dbf3227bbb233db68f7117114babb43656,0x009ec7d76febecabd5c73cb13f6d0fb83e45d450,0.009761429773085686,OCEAN
137,0xbb1081dbf3227bbb233db68f7117114babb43656,0x0705adac1869aa2648ddcf00da24b0ab6b76ede1,0.00010324731660411232,OCEAN
137,0xbb1081dbf3227bbb233db68f7117114babb43656,0x46f69ffdb3eab2b9d108d2d81dca7c2ca018c91c,0.005652274224782544,OCEAN
137,0xbb1081dbf3227bbb233db68f7117114babb43656,0xaadf67fb2121a1e1a09ab6674a09bcfd5f09a14e,0.0006938740502289914,OCEAN
137,0xd81a8bb9c204f746a798dcd4b5f5b51e193210bf,0xcfd1d657f820404fedb594e5b0981a1b03dd6bef,66.07111258517192,OCEAN
137,0xd81a8bb9c204f746a798dcd4b5f5b51e193210bf,0xc07df5e9eecee1af4141770e56c2555ac54064e5,1.2564015738861456,OCEAN
137,0xd81a8bb9c204f746a798dcd4b5f5b51e193210bf,0x655efe6eb2021b8cefe22794d90293aec37bb325,246.5972135016368,OCEAN
137,0xd81a8bb9c204f746a798dcd4b5f5b51e193210bf,0xeb18bad7365a40e36a41fb8734eb0b855d13b74f,12.669025719685704,OCEAN
137,0xd81a8bb9c204f746a798dcd4b5f5b51e193210bf,0x291f34a777edbba13554f72e79d74862f5e824e2,24.547554614259063,OCEAN
137,0xd81a8bb9c204f746a798dcd4b5f5b51e193210bf,0xfc0de7fb93671a98e7134235c48896b9ed24dff6,6.46458072272961,OCEAN
137,0xd81a8bb9c204f746a798dcd4b5f5b51e193210bf,0xf8649be0c6e89801312303605e4279ba547d8e47,0.6924924586211242,OCEAN
137,0xd81a8bb9c204f746a798dcd4b5f5b51e193210bf,0x504ec475d27abca384a384b4bf7377ff2be601da,15.021267446238832,OCEAN
137,0xd81a8bb9c204f746a798dcd4b5f5b51e193210bf,0x3753651eb6f165488993137a1e3ed06f1436c139,7.8130249738896,OCEAN
137,0xd81a8bb9c204f746a798dcd4b5f5b51e193210bf,0xac1ef6882e050de9b97071e0cb4fa6f734a3b139,0.8912066936127379,OCEAN
137,0xd81a8bb9c204f746a798dcd4b5f5b51e193210bf,0xc11e23434bcfe131c44adfbe1b1a973a7405418c,24.417244173539718,OCEAN
137,0xd81a8bb9c204f746a798dcd4b5f5b51e193210bf,0xf0a8802509421df907188434d4fc230cf9271672,800.9206401516707,OCEAN
137,0xd81a8bb9c204f746a798dcd4b5f5b51e193210bf,0x8cf6b6f1ec5d5d04abaa4e1664599acf64d2c8eb,1.8232804686526978,OCEAN
137,0xd81a8bb9c204f746a798dcd4b5f5b51e193210bf,0x9f43c7d27218be87baac273bac5e91d8dc66a840,22.022832974774342,OCEAN
137,0xd81a8bb9c204f746a798dcd4b5f5b51e193210bf,0xc07c6c07b44e5a35105e63294ab799d8baaae502,48.46783273027195,OCEAN
137,0xd81a8bb9c204f746a798dcd4b5f5b51e193210bf,0xb6013539c28bc1332278ffb1db18fe3ff5b88674,1.5345487725141744,OCEAN
137,0xd81a8bb9c204f746a798dcd4b5f5b51e193210bf,0x5b520e99129194105c465230d3cb6c9e4b172147,9.506204731869202,OCEAN
137,0xd81a8bb9c204f746a798dcd4b5f5b51e193210bf,0x8141665f038e82610b66e217a05dd200d601a642,4.079553745288938,OCEAN
137,0xd81a8bb9c204f746a798dcd4b5f5b51e193210bf,0xfa113845230f524650cbcf238b14202921c2f154,1.232232486623103,OCEAN
137,0xd81a8bb9c204f746a798dcd4b5f5b51e193210bf,0x8915e50c8691eb9263f922e8e254510c2e5c74c2,26.910444864948296,OCEAN
137,0xd81a8bb9c204f746a798dcd4b5f5b51e193210bf,0x7a9fbb28648b7954e4a6dfedd58ffb007eef9b2b,10.609225781791576,OCEAN
137,0x5684686fed10643d85462869c90d9ee0034f1269,0xcfd1d657f820404fedb594e5b0981a1b03dd6bef,0.0748649373157037,OCEAN
137,0x5684686fed10643d85462869c90d9ee0034f1269,0xde3937897dbeb84462f2c573fd1f238a2510b09a,0.022834187179044937,OCEAN
137,0x5684686fed10643d85462869c90d9ee0034f1269,0x53a1f52e5c6edb497181da76e2cd67da619dfaa4,0.007782662714357746,OCEAN
137,0x5684686fed10643d85462869c90d9ee0034f1269,0xa7b50d7efdfa787ae2967c0ffd97ca9d8fa2410c,0.02841009916254224,OCEAN
137,0x5684686fed10643d85462869c90d9ee0034f1269,0x9778ca8358ee04f469ac8da3db9fccb17dd06ff2,2.8547859893166688e-05,OCEAN
137,0x5684686fed10643d85462869c90d9ee0034f1269,0x86e3d8f8c1252600304047adec71785c41671bc2,0.07101463661159918,OCEAN
137,0x5684686fed10643d85462869c90d9ee0034f1269,0xa911ccf5f6c7bd5fb25188d41a536890c3c8fae5,0.27480330655047847,OCEAN
137,0x5684686fed10643d85462869c90d9ee0034f1269,0x777e2608d9ab063670b2d4679cf0af62351b7ef1,0.002260682688922208,OCEAN
137,0x5684686fed10643d85462869c90d9ee0034f1269,0x872976a07b1dcc1828b00d514262f3a076eadf91,0.00025677803379249456,OCEAN
137,0x5684686fed10643d85462869c90d9ee0034f1269,0xd8a7b5f1bf69b66a1ba464af5c6adba17c120eec,0.025595307415242553,OCEAN
137,0x5684686fed10643d85462869c90d9ee0034f1269,0xc11e23434bcfe131c44adfbe1b1a973a7405418c,0.06080679241229631,OCEAN
137,0x5684686fed10643d85462869c90d9ee0034f1269,0xa665aa6c9efa01cb5f0b6530d0e268eaf6999f6b,0.003012607565774674,OCEAN
137,0x5684686fed10643d85462869c90d9ee0034f1269,0xdf2ce0ebe21772e0dfbec85a4cbefee5fb3bb968,0.0029667694730664313,OCEAN
137,0x5684686fed10643d85462869c90d9ee0034f1269,0x06a2006ca85813e652506b865e590f44eae3928a,0.0027719705054275513,OCEAN
137,0x5684686fed10643d85462869c90d9ee0034f1269,0xdab6f20e51a770e776e62c3dbe695683d45cf859,0.03065021051358457,OCEAN
137,0x5684686fed10643d85462869c90d9ee0034f1269,0x4e779926cf83b9d2d6f206b1a77fe52b3a391b45,0.003362110359318373,OCEAN
137,0x5684686fed10643d85462869c90d9ee0034f1269,0xb2c05cc06f3de252fd515f5f1cc5fa184d8cf728,0.08883627550404379,OCEAN
137,0x5684686fed10643d85462869c90d9ee0034f1269,0xc4b74ae89ef93e683fb4afba8e118d730313d45a,0.05286666385208804,OCEAN
137,0x5684686fed10643d85462869c90d9ee0034f1269,0x8475b523b5fa2db7b77eb5f14edabdefc2102698,0.5634894325338157,OCEAN
137,0x5684686fed10643d85462869c90d9ee0034f1269,0xdd9743f6723fc1467d1ea48ba6bdb9a685b83c0b,0.0030214959542150884,OCEAN
137,0x5684686fed10643d85462869c90d9ee0034f1269,0x054efb6d55466ba2ffb4133f39ae67985a314bed,0.007394451075884638,OCEAN
137,0x5684686fed10643d85462869c90d9ee0034f1269,0x2e434c18ae93ee2da937222ea5444692ed265ac0,23.13830348114471,OCEAN
137,0x5684686fed10643d85462869c90d9ee0034f1269,0x009ec7d76febecabd5c73cb13f6d0fb83e45d450,0.030880749977557936,OCEAN
137,0x5684686fed10643d85462869c90d9ee0034f1269,0x0705adac1869aa2648ddcf00da24b0ab6b76ede1,0.0003266278244091171,OCEAN
137,0x5684686fed10643d85462869c90d9ee0034f1269,0xce74a5886ea7a8a675d8fb5fc11a697a23fe1dc8,0.19879108932175799,OCEAN
137,0x807f4bfab5f618d717ea1cd2058d7f24798c8b7a,0xcfd1d657f820404fedb594e5b0981a1b03dd6bef,4.315148466069824,OCEAN
137,0x807f4bfab5f618d717ea1cd2058d7f24798c8b7a,0xafa454ad02ae3ad5cac4d04342756fb90e51462c,47.000862425467034,OCEAN
137,0x807f4bfab5f618d717ea1cd2058d7f24798c8b7a,0x655efe6eb2021b8cefe22794d90293aec37bb325,178.9492068879154,OCEAN
137,0x807f4bfab5f618d717ea1cd2058d7f24798c8b7a,0xeb18bad7365a40e36a41fb8734eb0b855d13b74f,9.193583627275295,OCEAN
137,0x807f4bfab5f618d717ea1cd2058d7f24798c8b7a,0x291f34a777edbba13554f72e79d74862f5e824e2,17.81352419552093,OCEAN
137,0x807f4bfab5f618d717ea1cd2058d7f24798c8b7a,0x504ec475d27abca384a384b4bf7377ff2be601da,10.900544486233054,OCEAN
137,0x807f4bfab5f618d717ea1cd2058d7f24798c8b7a,0x744f397d0d1bad2468f53cf33d6806f49f4a3fc1,28.461079823975634,OCEAN
137,0x807f4bfab5f618d717ea1cd2058d7f24798c8b7a,0xa0ab92f81aca344cd22013a1510be33caf8c5b16,2.2492910677925027,OCEAN
137,0x807f4bfab5f618d717ea1cd2058d7f24798c8b7a,0x27f476724960e15aa405ce5a0d43c272a1faea0e,0.8340341177284075,OCEAN
137,0x807f4bfab5f618d717ea1cd2058d7f24798c8b7a,0xf0a8802509421df907188434d4fc230cf9271672,581.2073514543248,OCEAN
137,0x807f4bfab5f618d717ea1cd2058d7f24798c8b7a,0x867e0983c2574aac1b88d831ec7d92265a4373a3,0.293711077634762,OCEAN
137,0x807f4bfab5f618d717ea1cd2058d7f24798c8b7a,0x02ae6dfaffc2c1f410fcad1f36885f6cc8b677d5,0.2261025445916689,OCEAN
137,0x807f4bfab5f618d717ea1cd2058d7f24798c8b7a,0xf2f98a98b87beeea252a924eac36b23422efb5fb,296.5436163279755,OCEAN
137,0x807f4bfab5f618d717ea1cd2058d7f24798c8b7a,0x7457667ee63bca3c134f246af687091e7e259bc2,39.95507838953542,OCEAN
137,0x807f4bfab5f618d717ea1cd2058d7f24798c8b7a,0xc4b74ae89ef93e683fb4afba8e118d730313d45a,30.810451692887078,OCEAN
137,0x807f4bfab5f618d717ea1cd2058d7f24798c8b7a,0xb6013539c28bc1332278ffb1db18fe3ff5b88674,1.1135822739960233,OCEAN
137,0x807f4bfab5f618d717ea1cd2058d7f24798c8b7a,0x0b5665d637f45d6fff6c4afd4ea4191904ef38bb,3.4523023401307205,OCEAN
137,0x807f4bfab5f618d717ea1cd2058d7f24798c8b7a,0x859b6c59b5cc9a854bdb2dcc03a05cedaca571df,63.886660714781485,OCEAN
137,0x807f4bfab5f618d717ea1cd2058d7f24798c8b7a,0x7473a74cb6376e43209eb122f83cbc3ed8de58fe,0.39975055928730174,OCEAN
137,0x807f4bfab5f618d717ea1cd2058d7f24798c8b7a,0x64e98f813a2184c5b41e6c91aa1917d84fd09897,2.858287080747566,OCEAN
137,0x807f4bfab5f618d717ea1cd2058d7f24798c8b7a,0xfa113845230f524650cbcf238b14202921c2f154,0.8941991803214944,OCEAN
137,0x807f4bfab5f618d717ea1cd2058d7f24798c8b7a,0xcb9ec343576e452d549bfa57d969d83886c5dabf,8.340132339852502,OCEAN
137,0x807f4bfab5f618d717ea1cd2058d7f24798c8b7a,0x7a9fbb28648b7954e4a6dfedd58ffb007eef9b2b,3.8494200976318522,OCEAN
137,0x273ff0d0d934ce654ed693c8bf76f4e6bc3ebe1a,0xcfd1d657f820404fedb594e5b0981a1b03dd6bef,1.5271396412348235,OCEAN
137,0x273ff0d0d934ce654ed693c8bf76f4e6bc3ebe1a,0xde3937897dbeb84462f2c573fd1f238a2510b09a,0.42386468534923427,OCEAN
137,0x273ff0d0d934ce654ed693c8bf76f4e6bc3ebe1a,0x53a1f52e5c6edb497181da76e2cd67da619dfaa4,0.14446741006081384,OCEAN
137,0x273ff0d0d934ce654ed693c8bf76f4e6bc3ebe1a,0xb6da110659ef762a381cf2d6f601eb19b5f5d51e,0.028464067405760417,OCEAN
137,0x273ff0d0d934ce654ed693c8bf76f4e6bc3ebe1a,0xa93d02dd68abf6d3a3ca96af0679e3d31ae09c32,0.004659159731822154,OCEAN
137,0x273ff0d0d934ce654ed693c8bf76f4e6bc3ebe1a,0x777e2608d9ab063670b2d4679cf0af62351b7ef1,0.04196442593296422,OCEAN
137,0x273ff0d0d934ce654ed693c8bf76f4e6bc3ebe1a,0x9a10586aa206a401ba50a168a847686d1e500dc6,0.07232196718402363,OCEAN
137,0x273ff0d0d934ce654ed693c8bf76f4e6bc3ebe1a,0x1d3c2dc18ca3da0406cfb3634faab589c769215b,0.003111241543072686,OCEAN
137,0x273ff0d0d934ce654ed693c8bf76f4e6bc3ebe1a,0x801e20df4374dba7ab173f17ce0cf1e67d6ad132,0.23279507232461852,OCEAN
137,0x273ff0d0d934ce654ed693c8bf76f4e6bc3ebe1a,0x872976a07b1dcc1828b00d514262f3a076eadf91,0.07825003254255244,OCEAN
137,0x273ff0d0d934ce654ed693c8bf76f4e6bc3ebe1a,0xd8a7b5f1bf69b66a1ba464af5c6adba17c120eec,0.47511859471550827,OCEAN
137,0x273ff0d0d934ce654ed693c8bf76f4e6bc3ebe1a,0x31de8032504db7adbd94216ea583a1cd600b05d4,3.0099922328738398,OCEAN
137,0x273ff0d0d934ce654ed693c8bf76f4e6bc3ebe1a,0x3c1fbe83ef0f5b04be5fc54edac2bec2c25dc07c,0.025626577014139198,OCEAN
137,0x273ff0d0d934ce654ed693c8bf76f4e6bc3ebe1a,0x867e0983c2574aac1b88d831ec7d92265a4373a3,0.025986233918294684,OCEAN
137,0x273ff0d0d934ce654ed693c8bf76f4e6bc3ebe1a,0x855f3eebdf389643bc435e8acfb91a0f8569fce0,1.3423247928135267,OCEAN
137,0x273ff0d0d934ce654ed693c8bf76f4e6bc3ebe1a,0xdf2ce0ebe21772e0dfbec85a4cbefee5fb3bb968,0.11014263825944628,OCEAN
137,0x273ff0d0d934ce654ed693c8bf76f4e6bc3ebe1a,0x06a2006ca85813e652506b865e590f44eae3928a,0.05145531990552553,OCEAN
137,0x273ff0d0d934ce654ed693c8bf76f4e6bc3ebe1a,0xdab6f20e51a770e776e62c3dbe695683d45cf859,0.5689513593525557,OCEAN
137,0x273ff0d0d934ce654ed693c8bf76f4e6bc3ebe1a,0x4e779926cf83b9d2d6f206b1a77fe52b3a391b45,0.06240992238469897,OCEAN
137,0x273ff0d0d934ce654ed693c8bf76f4e6bc3ebe1a,0xc4b74ae89ef93e683fb4afba8e118d730313d45a,0.9813492226994296,OCEAN
137,0x273ff0d0d934ce654ed693c8bf76f4e6bc3ebe1a,0x8475b523b5fa2db7b77eb5f14edabdefc2102698,10.459898096909363,OCEAN
137,0x273ff0d0d934ce654ed693c8bf76f4e6bc3ebe1a,0xc0ad4c05df5ce58ba4204109a473dfe2a9d595af,0.7652522118417256,OCEAN
137,0x273ff0d0d934ce654ed693c8bf76f4e6bc3ebe1a,0x64e98f813a2184c5b41e6c91aa1917d84fd09897,0.09103981444033829,OCEAN
137,0x273ff0d0d934ce654ed693c8bf76f4e6bc3ebe1a,0xfa113845230f524650cbcf238b14202921c2f154,0.028481298466310735,OCEAN
137,0x273ff0d0d934ce654ed693c8bf76f4e6bc3ebe1a,0xdd9743f6723fc1467d1ea48ba6bdb9a685b83c0b,0.11217438325045119,OCEAN
137,0x273ff0d0d934ce654ed693c8bf76f4e6bc3ebe1a,0x0705adac1869aa2648ddcf00da24b0ab6b76ede1,0.006063101740119221,OCEAN
137,0x273ff0d0d934ce654ed693c8bf76f4e6bc3ebe1a,0x46f69ffdb3eab2b9d108d2d81dca7c2ca018c91c,0.3319244975568215,OCEAN
137,0x273ff0d0d934ce654ed693c8bf76f4e6bc3ebe1a,0xce74a5886ea7a8a675d8fb5fc11a697a23fe1dc8,3.690103872097747,OCEAN
137,0xb8c117e3668b1f27c2446e19fb91fc94621c466d,0xcfd1d657f820404fedb594e5b0981a1b03dd6bef,2.3248934845687743,OCEAN
137,0xb8c117e3668b1f27c2446e19fb91fc94621c466d,0x1e38e305126bfe9b6329f5fdce28d72fdf9d5647,87.32499794604013,OCEAN
137,0xb8c117e3668b1f27c2446e19fb91fc94621c466d,0x655efe6eb2021b8cefe22794d90293aec37bb325,192.82666561013392,OCEAN
137,0xb8c117e3668b1f27c2446e19fb91fc94621c466d,0xeb18bad7365a40e36a41fb8734eb0b855d13b74f,9.906543352079712,OCEAN
137,0xb8c117e3668b1f27c2446e19fb91fc94621c466d,0x291f34a777edbba13554f72e79d74862f5e824e2,19.194957793465957,OCEAN
137,0xb8c117e3668b1f27c2446e19fb91fc94621c466d,0xc11e23434bcfe131c44adfbe1b1a973a7405418c,19.093061557813925,OCEAN
137,0xb8c117e3668b1f27c2446e19fb91fc94621c466d,0xf0a8802509421df907188434d4fc230cf9271672,626.2798117860951,OCEAN
137,0xb8c117e3668b1f27c2446e19fb91fc94621c466d,0xf2f98a98b87beeea252a924eac36b23422efb5fb,319.54048715236803,OCEAN
137,0xb8c117e3668b1f27c2446e19fb91fc94621c466d,0xc07c6c07b44e5a35105e63294ab799d8baaae502,37.89941679396154,OCEAN
137,0xb8c117e3668b1f27c2446e19fb91fc94621c466d,0xb6013539c28bc1332278ffb1db18fe3ff5b88674,9.688406495756473,OCEAN
137,0xb8c117e3668b1f27c2446e19fb91fc94621c466d,0xfa113845230f524650cbcf238b14202921c2f154,0.48177203277773417,OCEAN
137,0xb8c117e3668b1f27c2446e19fb91fc94621c466d,0xcb9ec343576e452d549bfa57d969d83886c5dabf,8.986907166614582,OCEAN
137,0x05aa236653f52b58313dce49ef0da8a1c58ba09c,0xcfd1d657f820404fedb594e5b0981a1b03dd6bef,57.561836559177785,OCEAN
137,0x05aa236653f52b58313dce49ef0da8a1c58ba09c,0xc07df5e9eecee1af4141770e56c2555ac54064e5,1.0945900442572345,OCEAN
137,0x05aa236653f52b58313dce49ef0da8a1c58ba09c,0x655efe6eb2021b8cefe22794d90293aec37bb325,214.83804258981897,OCEAN
137,0x05aa236653f52b58313dce49ef0da8a1c58ba09c,0xeb18bad7365a40e36a41fb8734eb0b855d13b74f,11.037386223828044,OCEAN
137,0x05aa236653f52b58313dce49ef0da8a1c58ba09c,0x8686a47d83984f77162081149e30d104c750ae14,0.8768578212368823,OCEAN
137,0x05aa236653f52b58313dce49ef0da8a1c58ba09c,0xa93d02dd68abf6d3a3ca96af0679e3d31ae09c32,0.09756431193497103,OCEAN
137,0x05aa236653f52b58313dce49ef0da8a1c58ba09c,0x27cc69b588ab79a7fa931a3d5c244eb5611d1df0,3.472491346879441,OCEAN
137,0x05aa236653f52b58313dce49ef0da8a1c58ba09c,0xc7853af79ab9b05ba93789370d9f33defabf728a,25.940917956664826,OCEAN
137,0x05aa236653f52b58313dce49ef0da8a1c58ba09c,0x291f34a777edbba13554f72e79d74862f5e824e2,21.386083438688534,OCEAN
137,0x05aa236653f52b58313dce49ef0da8a1c58ba09c,0xf8649be0c6e89801312303605e4279ba547d8e47,0.6033065913674084,OCEAN
137,0x05aa236653f52b58313dce49ef0da8a1c58ba09c,0x504ec475d27abca384a384b4bf7377ff2be601da,13.08668354172907,OCEAN
137,0x05aa236653f52b58313dce49ef0da8a1c58ba09c,0x31386e4b622ad37db10246e32932dbf03b175354,19.493201446424745,OCEAN
137,0x05aa236653f52b58313dce49ef0da8a1c58ba09c,0xac1ef6882e050de9b97071e0cb4fa6f734a3b139,0.776428487897063,OCEAN
137,0x05aa236653f52b58313dce49ef0da8a1c58ba09c,0xc11e23434bcfe131c44adfbe1b1a973a7405418c,42.545111270254615,OCEAN
137,0x05aa236653f52b58313dce49ef0da8a1c58ba09c,0x537af2f1c980ef64da7ddc3ee23e1d1ed8a9b46e,104.51266312433933,OCEAN
137,0x05aa236653f52b58313dce49ef0da8a1c58ba09c,0xf0a8802509421df907188434d4fc230cf9271672,697.7703444277872,OCEAN
137,0x05aa236653f52b58313dce49ef0da8a1c58ba09c,0x44091f0b9619cf836e0f03a49f8c959e2993bd20,5.33386697977138,OCEAN
137,0x05aa236653f52b58313dce49ef0da8a1c58ba09c,0x8cf6b6f1ec5d5d04abaa4e1664599acf64d2c8eb,1.5884607997607945,OCEAN
137,0x05aa236653f52b58313dce49ef0da8a1c58ba09c,0x9f43c7d27218be87baac273bac5e91d8dc66a840,28.779779755408523,OCEAN
137,0x05aa236653f52b58313dce49ef0da8a1c58ba09c,0xc07c6c07b44e5a35105e63294ab799d8baaae502,42.225677105119736,OCEAN
137,0x05aa236653f52b58313dce49ef0da8a1c58ba09c,0xb6013539c28bc1332278ffb1db18fe3ff5b88674,1.336914760163607,OCEAN
137,0x05aa236653f52b58313dce49ef0da8a1c58ba09c,0x5b520e99129194105c465230d3cb6c9e4b172147,8.281903870902008,OCEAN
137,0x05aa236653f52b58313dce49ef0da8a1c58ba09c,0xfa113845230f524650cbcf238b14202921c2f154,1.0735336854888493,OCEAN
137,0x05aa236653f52b58313dce49ef0da8a1c58ba09c,0x8915e50c8691eb9263f922e8e254510c2e5c74c2,23.444657860938733,OCEAN
137,0x05aa236653f52b58313dce49ef0da8a1c58ba09c,0x7a9fbb28648b7954e4a6dfedd58ffb007eef9b2b,4.621433608248002,OCEAN
137,0x05aa236653f52b58313dce49ef0da8a1c58ba09c,0x47e3190c58a5fc807bca1db7ac8582d8f1d5e6da,1.768183563588213,OCEAN
137,0xfafc353382b7b0b3be982fb5a6f8f6227f24fb21,0xcfd1d657f820404fedb594e5b0981a1b03dd6bef,1.843280486034973,OCEAN
137,0xfafc353382b7b0b3be982fb5a6f8f6227f24fb21,0x53a1f52e5c6edb497181da76e2cd67da619dfaa4,0.17437433397890786,OCEAN
137,0xfafc353382b7b0b3be982fb5a6f8f6227f24fb21,0x8686a47d83984f77162081149e30d104c750ae14,0.018719519824579353,OCEAN
137,0xfafc353382b7b0b3be982fb5a6f8f6227f24fb21,0xa93d02dd68abf6d3a3ca96af0679e3d31ae09c32,0.003749117187495032,OCEAN
137,0xfafc353382b7b0b3be982fb5a6f8f6227f24fb21,0x55cac81aac46dca73752d8f735d9072da327417a,0.0013351556935523687,OCEAN
137,0xfafc353382b7b0b3be982fb5a6f8f6227f24fb21,0x1d3c2dc18ca3da0406cfb3634faab589c769215b,0.0037553152762441998,OCEAN
137,0xfafc353382b7b0b3be982fb5a6f8f6227f24fb21,0x5cfba1635ac733178a4e4410176eaadd8f8c43f1,0.40487287899186397,OCEAN
137,0xfafc353382b7b0b3be982fb5a6f8f6227f24fb21,0xf52af95978b51a48f65d9e899333903f000b4a8b,0.02564082267950237,OCEAN
137,0xfafc353382b7b0b3be982fb5a6f8f6227f24fb21,0xd8a7b5f1bf69b66a1ba464af5c6adba17c120eec,0.5734752805469149,OCEAN
137,0xfafc353382b7b0b3be982fb5a6f8f6227f24fb21,0x9885a27b50df1dd62b41f55f365ccd8625450d56,0.048171677917797674,OCEAN
137,0xfafc353382b7b0b3be982fb5a6f8f6227f24fb21,0x2abaead300d4447bfabffea79a8abdc174a01b1b,0.46048739595887184,OCEAN
137,0xfafc353382b7b0b3be982fb5a6f8f6227f24fb21,0x1fba4f4446859ab451cb7f3b8fbce9bcdc97fdb9,0.0015888778102680198,OCEAN
137,0xfafc353382b7b0b3be982fb5a6f8f6227f24fb21,0x06a2006ca85813e652506b865e590f44eae3928a,0.08280979204394649,OCEAN
137,0xfafc353382b7b0b3be982fb5a6f8f6227f24fb21,0x8e0d1207e312a1761319825882209f0c737f24fc,1.671217014394839,OCEAN
137,0xfafc353382b7b0b3be982fb5a6f8f6227f24fb21,0x8475b523b5fa2db7b77eb5f14edabdefc2102698,12.625254120413913,OCEAN
137,0xfafc353382b7b0b3be982fb5a6f8f6227f24fb21,0x0b5665d637f45d6fff6c4afd4ea4191904ef38bb,0.15041968583937743,OCEAN
137,0xfafc353382b7b0b3be982fb5a6f8f6227f24fb21,0x0e0bab764f38d63abf08680a50b33718c98b90e6,4.510157630783146,OCEAN
137,0xfafc353382b7b0b3be982fb5a6f8f6227f24fb21,0xcc11be7dcd59baf0670e078c7051bc91682038da,0.07750343643613605,OCEAN
137,0xfafc353382b7b0b3be982fb5a6f8f6227f24fb21,0x4602f9ed469c6bbdabd7c3708ea01f9d1739941d,1.172360378524598,OCEAN
137,0xfafc353382b7b0b3be982fb5a6f8f6227f24fb21,0x0ed8063fcc5b44f664333b59a12d187de6551088,0.022782057810898235,OCEAN
137,0xfafc353382b7b0b3be982fb5a6f8f6227f24fb21,0xea80928510d054dbcf04baa75317704e9628d26f,0.029769593369948902,OCEAN
137,0xfafc353382b7b0b3be982fb5a6f8f6227f24fb21,0xfa113845230f524650cbcf238b14202921c2f154,0.03437735506455611,OCEAN
137,0xfafc353382b7b0b3be982fb5a6f8f6227f24fb21,0x6237d4a8a989e1dfc19247985bb768a751bbe804,0.0026703113871047375,OCEAN
137,0xfafc353382b7b0b3be982fb5a6f8f6227f24fb21,0x0705adac1869aa2648ddcf00da24b0ab6b76ede1,0.0036591274368890365,OCEAN
137,0xfafc353382b7b0b3be982fb5a6f8f6227f24fb21,0x7a9fbb28648b7954e4a6dfedd58ffb007eef9b2b,0.14799038558875705,OCEAN
137,0xfafc353382b7b0b3be982fb5a6f8f6227f24fb21,0x2196b9fe1117df9324108d82dffc849492c23c14,0.2208933546304984,OCEAN
137,0xfafc353382b7b0b3be982fb5a6f8f6227f24fb21,0x4ac8e3fd41c06499fc63427ec3ae9d86d46d9d71,0.3840167679239527,OCEAN
137,0xaa8af64ee67bc318d513a6562f096db7fcd5233b,0xcfd1d657f820404fedb594e5b0981a1b03dd6bef,3.866428010163884,OCEAN
137,0xaa8af64ee67bc318d513a6562f096db7fcd5233b,0x655efe6eb2021b8cefe22794d90293aec37bb325,160.34076958149606,OCEAN
137,0xaa8af64ee67bc318d513a6562f096db7fcd5233b,0xeb18bad7365a40e36a41fb8734eb0b855d13b74f,8.237568076691549,OCEAN
137,0xaa8af64ee67bc318d513a6562f096db7fcd5233b,0x8ed4877c476df391b77c1827184c072640924266,2.148015561202147,OCEAN
137,0xaa8af64ee67bc318d513a6562f096db7fcd5233b,0x291f34a777edbba13554f72e79d74862f5e824e2,15.961144663007222,OCEAN
137,0xaa8af64ee67bc318d513a6562f096db7fcd5233b,0xfc0de7fb93671a98e7134235c48896b9ed24dff6,4.203355883002668,OCEAN
137,0xaa8af64ee67bc318d513a6562f096db7fcd5233b,0x45bb1b43d178628a436d447e08e3cc044c737534,16.084340522281792,OCEAN
137,0xaa8af64ee67bc318d513a6562f096db7fcd5233b,0x38c63cf2ea1341327a668809be68827073aa72ac,2.630477550045721,OCEAN
137,0xaa8af64ee67bc318d513a6562f096db7fcd5233b,0x4f20e69e7ba5ab2fb2ae25a1d17c93fe5307faa9,2.101211508724105,OCEAN
137,0xaa8af64ee67bc318d513a6562f096db7fcd5233b,0x94f6f9ab0771f190c6b43706c01eb81f90f566d4,196.60382908935114,OCEAN
137,0xaa8af64ee67bc318d513a6562f096db7fcd5233b,0x801e20df4374dba7ab173f17ce0cf1e67d6ad132,3.27440545987092,OCEAN
137,0xaa8af64ee67bc318d513a6562f096db7fcd5233b,0x3f4b0ee353bb2c11ee5b8f790cc1dea158fec12c,2.260483463230337,OCEAN
137,0xaa8af64ee67bc318d513a6562f096db7fcd5233b,0x27f476724960e15aa405ce5a0d43c272a1faea0e,0.7473051969297541,OCEAN
137,0xaa8af64ee67bc318d513a6562f096db7fcd5233b,0x23a881e335a116e8edf04ad2c254ed10ce489abf,3.6350907244038755,OCEAN
137,0xaa8af64ee67bc318d513a6562f096db7fcd5233b,0x2cf0a4b23a0015b161aa072292852b52f55eb95a,11.812052827730332,OCEAN
137,0xaa8af64ee67bc318d513a6562f096db7fcd5233b,0xf48c8f6b16754e3c15c055934a1b3b53c3176e9d,5.045646104018327,OCEAN
137,0xaa8af64ee67bc318d513a6562f096db7fcd5233b,0xf0a8802509421df907188434d4fc230cf9271672,520.7691927742362,OCEAN
137,0xaa8af64ee67bc318d513a6562f096db7fcd5233b,0x0d04e73d950ff53e586da588c43bb3ac5ae53872,12.45361201070893,OCEAN
137,0xaa8af64ee67bc318d513a6562f096db7fcd5233b,0x8cf6b6f1ec5d5d04abaa4e1664599acf64d2c8eb,1.1855210744493831,OCEAN
137,0xaa8af64ee67bc318d513a6562f096db7fcd5233b,0x855f3eebdf389643bc435e8acfb91a0f8569fce0,37.761242852939034,OCEAN
137,0xaa8af64ee67bc318d513a6562f096db7fcd5233b,0x7c28328f90a74fb83d463d359a2aec0d6a3512ee,22.64760155389375,OCEAN
137,0xaa8af64ee67bc318d513a6562f096db7fcd5233b,0x02ae6dfaffc2c1f410fcad1f36885f6cc8b677d5,0.20259076100219897,OCEAN
137,0xaa8af64ee67bc318d513a6562f096db7fcd5233b,0xdf2ce0ebe21772e0dfbec85a4cbefee5fb3bb968,1.5492237549530767,OCEAN
137,0xaa8af64ee67bc318d513a6562f096db7fcd5233b,0xc07c6c07b44e5a35105e63294ab799d8baaae502,31.514425850831632,OCEAN
137,0xaa8af64ee67bc318d513a6562f096db7fcd5233b,0xb6013539c28bc1332278ffb1db18fe3ff5b88674,0.9977839070092723,OCEAN
137,0xaa8af64ee67bc318d513a6562f096db7fcd5233b,0x0b5665d637f45d6fff6c4afd4ea4191904ef38bb,3.093306886748437,OCEAN
137,0xaa8af64ee67bc318d513a6562f096db7fcd5233b,0x05b2716d750f50c4fcd2110c5bff3f74bf0910e6,5.6166051853656045,OCEAN
137,0xaa8af64ee67bc318d513a6562f096db7fcd5233b,0x7473a74cb6376e43209eb122f83cbc3ed8de58fe,0.35818159483045975,OCEAN
137,0xaa8af64ee67bc318d513a6562f096db7fcd5233b,0x4602f9ed469c6bbdabd7c3708ea01f9d1739941d,27.32355011064669,OCEAN
137,0xaa8af64ee67bc318d513a6562f096db7fcd5233b,0x64e98f813a2184c5b41e6c91aa1917d84fd09897,2.561061645268806,OCEAN
137,0xaa8af64ee67bc318d513a6562f096db7fcd5233b,0xfa113845230f524650cbcf238b14202921c2f154,10.015173245619296,OCEAN
137,0xaa8af64ee67bc318d513a6562f096db7fcd5233b,0xdd9743f6723fc1467d1ea48ba6bdb9a685b83c0b,1.5778014942719532,OCEAN
137,0xaa8af64ee67bc318d513a6562f096db7fcd5233b,0x2196b9fe1117df9324108d82dffc849492c23c14,7.3546261943191835,OCEAN
137,0xaa8af64ee67bc318d513a6562f096db7fcd5233b,0xce74a5886ea7a8a675d8fb5fc11a697a23fe1dc8,207.61429605243234,OCEAN
137,0x8aac497a2968a373f2f6b0363311f9b9fe7251fa,0x3e0ac30da7f58a3c7e015bfd4595b7fc21ce08e0,11.610671337733363,OCEAN
137,0x8aac497a2968a373f2f6b0363311f9b9fe7251fa,0x9778ca8358ee04f469ac8da3db9fccb17dd06ff2,2.8650313008931174e-05,OCEAN
137,0x8aac497a2968a373f2f6b0363311f9b9fe7251fa,0xb6da110659ef762a381cf2d6f601eb19b5f5d51e,0.00230835370077051,OCEAN
137,0x8aac497a2968a373f2f6b0363311f9b9fe7251fa,0xa911ccf5f6c7bd5fb25188d41a536890c3c8fae5,0.4136842890162686,OCEAN
137,0x8aac497a2968a373f2f6b0363311f9b9fe7251fa,0x777e2608d9ab063670b2d4679cf0af62351b7ef1,0.0068063876129989855,OCEAN
137,0x8aac497a2968a373f2f6b0363311f9b9fe7251fa,0xe9550bd565f193ffe1fcd0ba586ff33769d7cf01,0.02090512803185292,OCEAN
137,0x8aac497a2968a373f2f6b0363311f9b9fe7251fa,0x02aa319b5ce28294b7207bdce3bbcf4bf514c05b,0.0006461328296685547,OCEAN
137,0x8aac497a2968a373f2f6b0363311f9b9fe7251fa,0xc3831c1c63dc1db31d30ab90c1768697bfdf87f7,0.003083000927037754,OCEAN
137,0x8aac497a2968a373f2f6b0363311f9b9fe7251fa,0xd8a7b5f1bf69b66a1ba464af5c6adba17c120eec,0.03853074652972733,OCEAN
137,0x8aac497a2968a373f2f6b0363311f9b9fe7251fa,0x2abaead300d4447bfabffea79a8abdc174a01b1b,0.03093929893003289,OCEAN
137,0x8aac497a2968a373f2f6b0363311f9b9fe7251fa,0xdab6f20e51a770e776e62c3dbe695683d45cf859,0.04614031287932156,OCEAN
137,0x8aac497a2968a373f2f6b0363311f9b9fe7251fa,0x4e779926cf83b9d2d6f206b1a77fe52b3a391b45,0.003795948412287483,OCEAN
137,0x8aac497a2968a373f2f6b0363311f9b9fe7251fa,0xc4b74ae89ef93e683fb4afba8e118d730313d45a,0.07958458914793223,OCEAN
137,0x8aac497a2968a373f2f6b0363311f9b9fe7251fa,0x8475b523b5fa2db7b77eb5f14edabdefc2102698,0.7870295971409317,OCEAN
137,0x8aac497a2968a373f2f6b0363311f9b9fe7251fa,0x33b85a77025cd4ba00b4b8ad937f4c222496671b,0.1425651268603473,OCEAN
137,0x8aac497a2968a373f2f6b0363311f9b9fe7251fa,0x4602f9ed469c6bbdabd7c3708ea01f9d1739941d,0.07876873183330006,OCEAN
137,0x8aac497a2968a373f2f6b0363311f9b9fe7251fa,0xea80928510d054dbcf04baa75317704e9628d26f,0.0020001640791502515,OCEAN
137,0x8aac497a2968a373f2f6b0363311f9b9fe7251fa,0x8141665f038e82610b66e217a05dd200d601a642,0.007646896030054413,OCEAN
137,0x8aac497a2968a373f2f6b0363311f9b9fe7251fa,0xdd9743f6723fc1467d1ea48ba6bdb9a685b83c0b,0.004548509336642203,OCEAN
137,0x8aac497a2968a373f2f6b0363311f9b9fe7251fa,0x26e4674c09cbbf0b367aae65d8d08b112e307a53,11.378457910978693,OCEAN
137,0x8aac497a2968a373f2f6b0363311f9b9fe7251fa,0x0705adac1869aa2648ddcf00da24b0ab6b76ede1,0.00024585002453162975,OCEAN
137,0x8aac497a2968a373f2f6b0363311f9b9fe7251fa,0x7a9fbb28648b7954e4a6dfedd58ffb007eef9b2b,0.009943201092327686,OCEAN
137,0x8aac497a2968a373f2f6b0363311f9b9fe7251fa,0x2196b9fe1117df9324108d82dffc849492c23c14,0.006360607345186384,OCEAN
137,0x8aac497a2968a373f2f6b0363311f9b9fe7251fa,0x4ac8e3fd41c06499fc63427ec3ae9d86d46d9d71,0.020641102764090247,OCEAN
137,0x93090c27d6d01d2feda55c0a77d525f74a6fb1d6,0x1ddb98275a09552b5be11e8e3118684ed6a809fc,0.4100138144676128,OCEAN
137,0x93090c27d6d01d2feda55c0a77d525f74a6fb1d6,0xd673af4581b8647e0fa8f5a5dfea694098df07d1,0.013951281951525675,OCEAN
137,0x93090c27d6d01d2feda55c0a77d525f74a6fb1d6,0x0cf776d57e0223f47ed3a101927bb78d41ad8a13,0.7507041717125338,OCEAN
137,0x93090c27d6d01d2feda55c0a77d525f74a6fb1d6,0x5f148fa6a7fe1f282341c8fc54b781e42b09a518,0.5361893687931074,OCEAN
137,0x93090c27d6d01d2feda55c0a77d525f74a6fb1d6,0x4d26f0e78c154f8fda7acf6646246fa135507017,0.4527673307786184,OCEAN
137,0x93090c27d6d01d2feda55c0a77d525f74a6fb1d6,0x006d0f31a00e1f9c017ab039e9d0ba699433a28c,8.11310806510748,OCEAN
137,0x93090c27d6d01d2feda55c0a77d525f74a6fb1d6,0x855f3eebdf389643bc435e8acfb91a0f8569fce0,1.0585804153095693,OCEAN
137,0x93090c27d6d01d2feda55c0a77d525f74a6fb1d6,0x02ae6dfaffc2c1f410fcad1f36885f6cc8b677d5,0.005679331391575151,OCEAN
137,0x93090c27d6d01d2feda55c0a77d525f74a6fb1d6,0xf2f98a98b87beeea252a924eac36b23422efb5fb,7.448697546611974,OCEAN
137,0x93090c27d6d01d2feda55c0a77d525f74a6fb1d6,0x64b0012681110fc8aa09f9e0eb29f64ec3010594,1.7623797859423864,OCEAN
137,0x93090c27d6d01d2feda55c0a77d525f74a6fb1d6,0x8475b523b5fa2db7b77eb5f14edabdefc2102698,4.143260761483141,OCEAN
137,0xff01b2c22011490516d20cf92b2c34b226c89a5b,0x375bb5678079e8cd1ac192fbf375633913a136c7,0.19254225197844088,OCEAN
137,0xff01b2c22011490516d20cf92b2c34b226c89a5b,0xb6da110659ef762a381cf2d6f601eb19b5f5d51e,0.03929297821747305,OCEAN
137,0xff01b2c22011490516d20cf92b2c34b226c89a5b,0x777e2608d9ab063670b2d4679cf0af62351b7ef1,0.07723924345677674,OCEAN
137,0xff01b2c22011490516d20cf92b2c34b226c89a5b,0x55cac81aac46dca73752d8f735d9072da327417a,0.0015269936307208407,OCEAN
137,0xff01b2c22011490516d20cf92b2c34b226c89a5b,0x801e20df4374dba7ab173f17ce0cf1e67d6ad132,0.16067998251253315,OCEAN
137,0xff01b2c22011490516d20cf92b2c34b226c89a5b,0x5cfba1635ac733178a4e4410176eaadd8f8c43f1,0.4630458533470926,OCEAN
137,0xff01b2c22011490516d20cf92b2c34b226c89a5b,0xf52af95978b51a48f65d9e899333903f000b4a8b,0.03665618652858152,OCEAN
137,0xff01b2c22011490516d20cf92b2c34b226c89a5b,0x872976a07b1dcc1828b00d514262f3a076eadf91,0.10637461931703794,OCEAN
137,0xff01b2c22011490516d20cf92b2c34b226c89a5b,0xd8a7b5f1bf69b66a1ba464af5c6adba17c120eec,0.6558733973871482,OCEAN
137,0xff01b2c22011490516d20cf92b2c34b226c89a5b,0x9885a27b50df1dd62b41f55f365ccd8625450d56,0.05509308443714296,OCEAN
137,0xff01b2c22011490516d20cf92b2c34b226c89a5b,0x2abaead300d4447bfabffea79a8abdc174a01b1b,0.5266511793733687,OCEAN
137,0xff01b2c22011490516d20cf92b2c34b226c89a5b,0x06a2006ca85813e652506b865e590f44eae3928a,0.047354037294326946,OCEAN
137,0xff01b2c22011490516d20cf92b2c34b226c89a5b,0xc4b74ae89ef93e683fb4afba8e118d730313d45a,1.3546951348021046,OCEAN
137,0xff01b2c22011490516d20cf92b2c34b226c89a5b,0x6ff8ce215170cbbe3fc3f45d0286721305f8cbd4,0.05286789612493642,OCEAN
137,0xff01b2c22011490516d20cf92b2c34b226c89a5b,0x8475b523b5fa2db7b77eb5f14edabdefc2102698,14.439276798356346,OCEAN
137,0xff01b2c22011490516d20cf92b2c34b226c89a5b,0x33b85a77025cd4ba00b4b8ad937f4c222496671b,2.4267548003692285,OCEAN
137,0xff01b2c22011490516d20cf92b2c34b226c89a5b,0x11300251b903ba70f51262f3e49aa7c22f81e1b2,0.2742707556150993,OCEAN
137,0xff01b2c22011490516d20cf92b2c34b226c89a5b,0x5b11f69b40db85f8a3c4e928f23f934ac5c7f50a,0.08974475458192906,OCEAN
137,0xff01b2c22011490516d20cf92b2c34b226c89a5b,0xea80928510d054dbcf04baa75317704e9628d26f,0.034046950243019236,OCEAN
137,0xff01b2c22011490516d20cf92b2c34b226c89a5b,0xdd9743f6723fc1467d1ea48ba6bdb9a685b83c0b,0.07742508361131921,OCEAN
137,0xff01b2c22011490516d20cf92b2c34b226c89a5b,0xa52a459738892e1a712f4837410520d522e5c624,0.378027897506396,OCEAN
137,0xff01b2c22011490516d20cf92b2c34b226c89a5b,0x6237d4a8a989e1dfc19247985bb768a751bbe804,0.0030539872614416814,OCEAN
137,0xff01b2c22011490516d20cf92b2c34b226c89a5b,0x054efb6d55466ba2ffb4133f39ae67985a314bed,0.1894809728311892,OCEAN
137,0xff01b2c22011490516d20cf92b2c34b226c89a5b,0x0705adac1869aa2648ddcf00da24b0ab6b76ede1,0.004184878450586689,OCEAN
137,0xff01b2c22011490516d20cf92b2c34b226c89a5b,0x2196b9fe1117df9324108d82dffc849492c23c14,0.03609025280381771,OCEAN
137,0xff01b2c22011490516d20cf92b2c34b226c89a5b,0xaadf67fb2121a1e1a09ab6674a09bcfd5f09a14e,0.05624898846250411,OCEAN
137,0xff01b2c22011490516d20cf92b2c34b226c89a5b,0x4ac8e3fd41c06499fc63427ec3ae9d86d46d9d71,0.17567723720660716,OCEAN
137,0xff01b2c22011490516d20cf92b2c34b226c89a5b,0x98744b988bb5cfd7f8fab9556b744fc009a70ac8,2.741155677842354,OCEAN
137,0x709f7c413f6536ed03e5a6c12f2f8836ccef3522,0xb1e24789311f14b6270b2b4ed11a768bf9b547ff,105.65970175101067,OCEAN
137,0x709f7c413f6536ed03e5a6c12f2f8836ccef3522,0x916166aa5e24015e354c21a4ffd18f1ccc563fe8,12.454405634028099,OCEAN
137,0x709f7c413f6536ed03e5a6c12f2f8836ccef3522,0x5f148fa6a7fe1f282341c8fc54b781e42b09a518,37.03735260682415,OCEAN
137,0x709f7c413f6536ed03e5a6c12f2f8836ccef3522,0x1fac06467b7d9c3a9361f42ab7bd09e6a5719ec7,204.91976219806935,OCEAN
137,0xb97e091e6947dea390f4e0d342d28e4366406e42,0xb1e24789311f14b6270b2b4ed11a768bf9b547ff,126.7916421012128,OCEAN
137,0xb97e091e6947dea390f4e0d342d28e4366406e42,0x916166aa5e24015e354c21a4ffd18f1ccc563fe8,12.454405634028099,OCEAN
137,0xb97e091e6947dea390f4e0d342d28e4366406e42,0x9b5ff12337065596487ae9d35745cc66bf76d23c,26.50841374205064,OCEAN
137,0xb97e091e6947dea390f4e0d342d28e4366406e42,0xd13294fa603d9243fb9aeff338a5639ee1bd6599,163.01634828466194,OCEAN
137,0x547f0fa6e63856872be77bcb12478997da1aac62,0xb1e24789311f14b6270b2b4ed11a768bf9b547ff,105.65970175101067,OCEAN
137,0x547f0fa6e63856872be77bcb12478997da1aac62,0xe0dc24a3d7478eb840dc63baa20fcb06cdb123be,81.17279395027246,OCEAN
137,0x547f0fa6e63856872be77bcb12478997da1aac62,0x916166aa5e24015e354c21a4ffd18f1ccc563fe8,12.454405634028099,OCEAN
137,0x547f0fa6e63856872be77bcb12478997da1aac62,0x9b5ff12337065596487ae9d35745cc66bf76d23c,26.50841374205064,OCEAN
137,0x547f0fa6e63856872be77bcb12478997da1aac62,0xd13294fa603d9243fb9aeff338a5639ee1bd6599,163.01634828466194,OCEAN
137,0xd455b3a9d934fd3559965b95aafa3babf385c727,0xb1e24789311f14b6270b2b4ed11a768bf9b547ff,126.7916421012128,OCEAN
137,0xd455b3a9d934fd3559965b95aafa3babf385c727,0x916166aa5e24015e354c21a4ffd18f1ccc563fe8,12.454405634028099,OCEAN
137,0xd455b3a9d934fd3559965b95aafa3babf385c727,0x9b5ff12337065596487ae9d35745cc66bf76d23c,26.50841374205064,OCEAN
137,0xd455b3a9d934fd3559965b95aafa3babf385c727,0xd13294fa603d9243fb9aeff338a5639ee1bd6599,163.01634828466194,OCEAN
137,0xa4e5c95a39ee0f1c41644409e96258aefe1ce36d,0xb1e24789311f14b6270b2b4ed11a768bf9b547ff,126.7916421012128,OCEAN
137,0xa4e5c95a39ee0f1c41644409e96258aefe1ce36d,0x4ab8e275379d57520f09af5b55e650911d3ab81e,167.52067660775933,OCEAN
137,0xa4e5c95a39ee0f1c41644409e96258aefe1ce36d,0x916166aa5e24015e354c21a4ffd18f1ccc563fe8,19.927049014444957,OCEAN
137,0xa4e5c95a39ee0f1c41644409e96258aefe1ce36d,0x5f148fa6a7fe1f282341c8fc54b781e42b09a518,37.03735260682415,OCEAN
137,0x7ec8bd95895fd6ef15956212bc47d9daab3ba296,0xb1e24789311f14b6270b2b4ed11a768bf9b547ff,105.65970175101067,OCEAN
137,0x7ec8bd95895fd6ef15956212bc47d9daab3ba296,0xe0dc24a3d7478eb840dc63baa20fcb06cdb123be,81.17279395027246,OCEAN
137,0x7ec8bd95895fd6ef15956212bc47d9daab3ba296,0x916166aa5e24015e354c21a4ffd18f1ccc563fe8,12.454405634028099,OCEAN
137,0x7ec8bd95895fd6ef15956212bc47d9daab3ba296,0x9b5ff12337065596487ae9d35745cc66bf76d23c,26.50841374205064,OCEAN
137,0x7ec8bd95895fd6ef15956212bc47d9daab3ba296,0xd13294fa603d9243fb9aeff338a5639ee1bd6599,163.01634828466194,OCEAN
137,0x0201c214570692688222b76cf5e49ee8a9fd0c4e,0x7208cf259fd9dacd13e8e643e2e2687ce04d757d,0.05778993133848399,OCEAN
137,0x0201c214570692688222b76cf5e49ee8a9fd0c4e,0x1e38e305126bfe9b6329f5fdce28d72fdf9d5647,6.521489017433653,OCEAN
137,0x0201c214570692688222b76cf5e49ee8a9fd0c4e,0x476d85ffa660a49a6ba54fdca4cebc735865e50f,0.023410227858938197,OCEAN
137,0x0201c214570692688222b76cf5e49ee8a9fd0c4e,0xc11e23434bcfe131c44adfbe1b1a973a7405418c,1.425882555822202,OCEAN
137,0x0201c214570692688222b76cf5e49ee8a9fd0c4e,0x5f148fa6a7fe1f282341c8fc54b781e42b09a518,1.717797375067923,OCEAN
137,0x0201c214570692688222b76cf5e49ee8a9fd0c4e,0x44091f0b9619cf836e0f03a49f8c959e2993bd20,0.35752487909695146,OCEAN
137,0x0201c214570692688222b76cf5e49ee8a9fd0c4e,0x3c1fbe83ef0f5b04be5fc54edac2bec2c25dc07c,0.19423694306392286,OCEAN
137,0x0201c214570692688222b76cf5e49ee8a9fd0c4e,0x21d415eac10b29f89ac04d453f1a9390ad5eb8d7,0.8863386447178802,OCEAN
137,0x0201c214570692688222b76cf5e49ee8a9fd0c4e,0x8475b523b5fa2db7b77eb5f14edabdefc2102698,13.273822411506854,OCEAN
137,0x0201c214570692688222b76cf5e49ee8a9fd0c4e,0x47e3190c58a5fc807bca1db7ac8582d8f1d5e6da,0.23703988764271303,OCEAN
137,0x7116628a9fabd021311d6d02b7e79989a468afbd,0x7208cf259fd9dacd13e8e643e2e2687ce04d757d,0.027228139721587163,OCEAN
137,0x7116628a9fabd021311d6d02b7e79989a468afbd,0x1e38e305126bfe9b6329f5fdce28d72fdf9d5647,9.21793866406095,OCEAN
137,0x7116628a9fabd021311d6d02b7e79989a468afbd,0x663052ad99b85a8c35040c4fd1cc87620f4b61f1,3.425988314548352,OCEAN
137,0x7116628a9fabd021311d6d02b7e79989a468afbd,0x8978be1b2082d10ea95533d2897ddab53afb97e9,3.086781550731664,OCEAN
137,0x7116628a9fabd021311d6d02b7e79989a468afbd,0x855f3eebdf389643bc435e8acfb91a0f8569fce0,1.5978771374835523,OCEAN
137,0x7116628a9fabd021311d6d02b7e79989a468afbd,0x5cdc664bcabe8c55699ce7e0e5b5b52dbff3fc44,1.0854616442133322,OCEAN
137,0x7116628a9fabd021311d6d02b7e79989a468afbd,0x8475b523b5fa2db7b77eb5f14edabdefc2102698,6.254056422790083,OCEAN
137,0x84e333d9090e067c671c092898f9e9a0a2832f92,0xa7b50d7efdfa787ae2967c0ffd97ca9d8fa2410c,1.054398186561152,OCEAN
137,0x84e333d9090e067c671c092898f9e9a0a2832f92,0x9778ca8358ee04f469ac8da3db9fccb17dd06ff2,0.000706340646198652,OCEAN
137,0x84e333d9090e067c671c092898f9e9a0a2832f92,0xb17c025cf8b30ba8a7b46db86246d26865078737,0.22066668939772563,OCEAN
137,0x84e333d9090e067c671c092898f9e9a0a2832f92,0x0cf776d57e0223f47ed3a101927bb78d41ad8a13,0.827494227986306,OCEAN
137,0x84e333d9090e067c671c092898f9e9a0a2832f92,0x4d26f0e78c154f8fda7acf6646246fa135507017,1.1478868028219071,OCEAN
137,0x84e333d9090e067c671c092898f9e9a0a2832f92,0x8475b523b5fa2db7b77eb5f14edabdefc2102698,20.91306448494852,OCEAN
137,0x84e333d9090e067c671c092898f9e9a0a2832f92,0xcb9ec343576e452d549bfa57d969d83886c5dabf,0.531115141187713,OCEAN
137,0x66698c2472b6d9103ed3624be9f0ca1b2d90bc4d,0xa7b50d7efdfa787ae2967c0ffd97ca9d8fa2410c,0.6139631133136154,OCEAN
137,0x66698c2472b6d9103ed3624be9f0ca1b2d90bc4d,0x9778ca8358ee04f469ac8da3db9fccb17dd06ff2,0.0006169402239031504,OCEAN
137,0x66698c2472b6d9103ed3624be9f0ca1b2d90bc4d,0x1e38e305126bfe9b6329f5fdce28d72fdf9d5647,3.0050703295088366,OCEAN
137,0x66698c2472b6d9103ed3624be9f0ca1b2d90bc4d,0x1d3c2dc18ca3da0406cfb3634faab589c769215b,0.003622109551685994,OCEAN
137,0x66698c2472b6d9103ed3624be9f0ca1b2d90bc4d,0x801e20df4374dba7ab173f17ce0cf1e67d6ad132,0.1355100919325718,OCEAN
137,0x66698c2472b6d9103ed3624be9f0ca1b2d90bc4d,0xb17c025cf8b30ba8a7b46db86246d26865078737,0.12849150288194153,OCEAN
137,0x66698c2472b6d9103ed3624be9f0ca1b2d90bc4d,0x9885a27b50df1dd62b41f55f365ccd8625450d56,0.04646296831868185,OCEAN
137,0x66698c2472b6d9103ed3624be9f0ca1b2d90bc4d,0x855f3eebdf389643bc435e8acfb91a0f8569fce0,1.5627354502064803,OCEAN
137,0x66698c2472b6d9103ed3624be9f0ca1b2d90bc4d,0xdf2ce0ebe21772e0dfbec85a4cbefee5fb3bb968,0.06411406773860297,OCEAN
137,0x66698c2472b6d9103ed3624be9f0ca1b2d90bc4d,0xdab6f20e51a770e776e62c3dbe695683d45cf859,0.6623735652232118,OCEAN
137,0x66698c2472b6d9103ed3624be9f0ca1b2d90bc4d,0x4e779926cf83b9d2d6f206b1a77fe52b3a391b45,0.054493256034617965,OCEAN
137,0x66698c2472b6d9103ed3624be9f0ca1b2d90bc4d,0xb2c05cc06f3de252fd515f5f1cc5fa184d8cf728,1.919817173871777,OCEAN
137,0x66698c2472b6d9103ed3624be9f0ca1b2d90bc4d,0x8475b523b5fa2db7b77eb5f14edabdefc2102698,12.177420583379124,OCEAN
137,0x66698c2472b6d9103ed3624be9f0ca1b2d90bc4d,0x859b6c59b5cc9a854bdb2dcc03a05cedaca571df,2.3689918060235686,OCEAN
137,0x66698c2472b6d9103ed3624be9f0ca1b2d90bc4d,0x0be1b7f1a2eacde1cf5b48a4a1034c70dac06a70,1.293611865414321,OCEAN
137,0x66698c2472b6d9103ed3624be9f0ca1b2d90bc4d,0xdd9743f6723fc1467d1ea48ba6bdb9a685b83c0b,0.130593494397954,OCEAN
137,0x66698c2472b6d9103ed3624be9f0ca1b2d90bc4d,0x054efb6d55466ba2ffb4133f39ae67985a314bed,0.15979951980530488,OCEAN
137,0x66698c2472b6d9103ed3624be9f0ca1b2d90bc4d,0x009ec7d76febecabd5c73cb13f6d0fb83e45d450,0.3336778461984124,OCEAN
137,0x66698c2472b6d9103ed3624be9f0ca1b2d90bc4d,0x0705adac1869aa2648ddcf00da24b0ab6b76ede1,0.003529333615165206,OCEAN
137,0x66698c2472b6d9103ed3624be9f0ca1b2d90bc4d,0x2196b9fe1117df9324108d82dffc849492c23c14,0.03043685590974983,OCEAN
137,0x76159e1fa74cebfbfa7df30731c77655cd54aea4,0xa7b50d7efdfa787ae2967c0ffd97ca9d8fa2410c,0.5367683025140938,OCEAN
137,0x76159e1fa74cebfbfa7df30731c77655cd54aea4,0x8686a47d83984f77162081149e30d104c750ae14,0.023678038544623366,OCEAN
137,0x76159e1fa74cebfbfa7df30731c77655cd54aea4,0x663052ad99b85a8c35040c4fd1cc87620f4b61f1,2.92935860792498,OCEAN
137,0x76159e1fa74cebfbfa7df30731c77655cd54aea4,0x8978be1b2082d10ea95533d2897ddab53afb97e9,2.6393231021898163,OCEAN
137,0x76159e1fa74cebfbfa7df30731c77655cd54aea4,0x27f476724960e15aa405ce5a0d43c272a1faea0e,0.027038448564685267,OCEAN
137,0x76159e1fa74cebfbfa7df30731c77655cd54aea4,0x5f148fa6a7fe1f282341c8fc54b781e42b09a518,0.692029152761086,OCEAN
137,0x76159e1fa74cebfbfa7df30731c77655cd54aea4,0x4d26f0e78c154f8fda7acf6646246fa135507017,0.5843610682208914,OCEAN
137,0x76159e1fa74cebfbfa7df30731c77655cd54aea4,0x855f3eebdf389643bc435e8acfb91a0f8569fce0,1.3662495949613402,OCEAN
137,0x76159e1fa74cebfbfa7df30731c77655cd54aea4,0x02ae6dfaffc2c1f410fcad1f36885f6cc8b677d5,0.0073299903353319035,OCEAN
137,0x76159e1fa74cebfbfa7df30731c77655cd54aea4,0x5cdc664bcabe8c55699ce7e0e5b5b52dbff3fc44,0.9281136183524626,OCEAN
137,0x76159e1fa74cebfbfa7df30731c77655cd54aea4,0xf2f98a98b87beeea252a924eac36b23422efb5fb,9.61361069869412,OCEAN
137,0x76159e1fa74cebfbfa7df30731c77655cd54aea4,0x8475b523b5fa2db7b77eb5f14edabdefc2102698,5.347471250486099,OCEAN
137,0x874ef0d045fb50f33592b30b25d70e093469fc1e,0xb6da110659ef762a381cf2d6f601eb19b5f5d51e,0.004299735023504699,OCEAN
137,0x874ef0d045fb50f33592b30b25d70e093469fc1e,0xa911ccf5f6c7bd5fb25188d41a536890c3c8fae5,0.7705633783779164,OCEAN
137,0x874ef0d045fb50f33592b30b25d70e093469fc1e,0x777e2608d9ab063670b2d4679cf0af62351b7ef1,0.008452102521778946,OCEAN
137,0x874ef0d045fb50f33592b30b25d70e093469fc1e,0x55cac81aac46dca73752d8f735d9072da327417a,0.0001670951984942525,OCEAN
137,0x874ef0d045fb50f33592b30b25d70e093469fc1e,0x801e20df4374dba7ab173f17ce0cf1e67d6ad132,0.01758281962139576,OCEAN
137,0x874ef0d045fb50f33592b30b25d70e093469fc1e,0xd8a7b5f1bf69b66a1ba464af5c6adba17c120eec,0.07177063041957162,OCEAN
137,0x874ef0d045fb50f33592b30b25d70e093469fc1e,0x9885a27b50df1dd62b41f55f365ccd8625450d56,0.006028702212293631,OCEAN
137,0x874ef0d045fb50f33592b30b25d70e093469fc1e,0x2abaead300d4447bfabffea79a8abdc174a01b1b,0.05763015744412965,OCEAN
137,0x874ef0d045fb50f33592b30b25d70e093469fc1e,0x1fba4f4446859ab451cb7f3b8fbce9bcdc97fdb9,0.00019884860947075355,OCEAN
137,0x874ef0d045fb50f33592b30b25d70e093469fc1e,0xdf2ce0ebe21772e0dfbec85a4cbefee5fb3bb968,0.008318982536022035,OCEAN
137,0x874ef0d045fb50f33592b30b25d70e093469fc1e,0x9f43c7d27218be87baac273bac5e91d8dc66a840,0.1153390335278675,OCEAN
137,0x874ef0d045fb50f33592b30b25d70e093469fc1e,0x06a2006ca85813e652506b865e590f44eae3928a,0.0051818371092121175,OCEAN
137,0x874ef0d045fb50f33592b30b25d70e093469fc1e,0x6ff8ce215170cbbe3fc3f45d0286721305f8cbd4,0.005785205268210295,OCEAN
137,0x874ef0d045fb50f33592b30b25d70e093469fc1e,0xf264cd686a5cda5a9dca0063331ba3ac2441f1fa,21.627019369081285,OCEAN
137,0x874ef0d045fb50f33592b30b25d70e093469fc1e,0x8475b523b5fa2db7b77eb5f14edabdefc2102698,1.5800549355244138,OCEAN
137,0x874ef0d045fb50f33592b30b25d70e093469fc1e,0x0be1b7f1a2eacde1cf5b48a4a1034c70dac06a70,0.16784981668372795,OCEAN
137,0x874ef0d045fb50f33592b30b25d70e093469fc1e,0x11300251b903ba70f51262f3e49aa7c22f81e1b2,0.03001278160475313,OCEAN
137,0x874ef0d045fb50f33592b30b25d70e093469fc1e,0x4602f9ed469c6bbdabd7c3708ea01f9d1739941d,0.07336065415530546,OCEAN
137,0x874ef0d045fb50f33592b30b25d70e093469fc1e,0x5b11f69b40db85f8a3c4e928f23f934ac5c7f50a,0.00982055018370074,OCEAN
137,0x874ef0d045fb50f33592b30b25d70e093469fc1e,0x0ed8063fcc5b44f664333b59a12d187de6551088,0.0028511824429187918,OCEAN
137,0x874ef0d045fb50f33592b30b25d70e093469fc1e,0x054efb6d55466ba2ffb4133f39ae67985a314bed,0.020734441931604782,OCEAN
137,0x874ef0d045fb50f33592b30b25d70e093469fc1e,0x0705adac1869aa2648ddcf00da24b0ab6b76ede1,0.000457941068847157,OCEAN
137,0x874ef0d045fb50f33592b30b25d70e093469fc1e,0x2a1458f2c22d011547a0e4ba47491d51cdf7cc49,0.06329934901133713,OCEAN
137,0x874ef0d045fb50f33592b30b25d70e093469fc1e,0x2196b9fe1117df9324108d82dffc849492c23c14,0.003949268572335092,OCEAN
137,0x874ef0d045fb50f33592b30b25d70e093469fc1e,0xaadf67fb2121a1e1a09ab6674a09bcfd5f09a14e,0.006155189977973996,OCEAN
137,0x874ef0d045fb50f33592b30b25d70e093469fc1e,0x4ac8e3fd41c06499fc63427ec3ae9d86d46d9d71,0.038447865441459,OCEAN
137,0x652feba0f0bf7caf1b8a8fa2a6c8e310371bdd85,0xb6da110659ef762a381cf2d6f601eb19b5f5d51e,0.043680567076125415,OCEAN
137,0x652feba0f0bf7caf1b8a8fa2a6c8e310371bdd85,0x341a85f21a1e2f60e70e1b5b326e1fc70af8da4b,0.2867075666066192,OCEAN
137,0x652feba0f0bf7caf1b8a8fa2a6c8e310371bdd85,0x0a8162d91d6bf4530950e539068c75f7ddf972bc,0.052710286964122284,OCEAN
137,0x652feba0f0bf7caf1b8a8fa2a6c8e310371bdd85,0x57e837b0a98290da2a341341f5c5ff32ef548c25,0.47745094692506196,OCEAN
137,0x652feba0f0bf7caf1b8a8fa2a6c8e310371bdd85,0x855f3eebdf389643bc435e8acfb91a0f8569fce0,2.0599131991435433,OCEAN
137,0x652feba0f0bf7caf1b8a8fa2a6c8e310371bdd85,0x21d415eac10b29f89ac04d453f1a9390ad5eb8d7,1.0767156123743309,OCEAN
137,0x652feba0f0bf7caf1b8a8fa2a6c8e310371bdd85,0xf2f98a98b87beeea252a924eac36b23422efb5fb,3.737594121823703,OCEAN
137,0x652feba0f0bf7caf1b8a8fa2a6c8e310371bdd85,0x8475b523b5fa2db7b77eb5f14edabdefc2102698,16.051616022347606,OCEAN
137,0x652feba0f0bf7caf1b8a8fa2a6c8e310371bdd85,0x64e98f813a2184c5b41e6c91aa1917d84fd09897,0.13970844941346747,OCEAN
137,0x652feba0f0bf7caf1b8a8fa2a6c8e310371bdd85,0xfa113845230f524650cbcf238b14202921c2f154,0.5026306106885563,OCEAN
137,0x652feba0f0bf7caf1b8a8fa2a6c8e310371bdd85,0x054efb6d55466ba2ffb4133f39ae67985a314bed,0.2106390688329588,OCEAN
137,0x652feba0f0bf7caf1b8a8fa2a6c8e310371bdd85,0x20d6ad3a7e0b402320fdb57bc5aae2d67dc9bad7,0.015845207007084597,OCEAN
137,0x652feba0f0bf7caf1b8a8fa2a6c8e310371bdd85,0x2196b9fe1117df9324108d82dffc849492c23c14,0.04012021434635006,OCEAN
137,0xe83aa27e02dd1c40f8b983efe5f119a82b83a269,0xb6da110659ef762a381cf2d6f601eb19b5f5d51e,0.02626713884910772,OCEAN
137,0xe83aa27e02dd1c40f8b983efe5f119a82b83a269,0x02aa319b5ce28294b7207bdce3bbcf4bf514c05b,0.007352452419317564,OCEAN
137,0xe83aa27e02dd1c40f8b983efe5f119a82b83a269,0x504ec475d27abca384a384b4bf7377ff2be601da,0.320397795886191,OCEAN
137,0xe83aa27e02dd1c40f8b983efe5f119a82b83a269,0x3753651eb6f165488993137a1e3ed06f1436c139,0.16664878578303902,OCEAN
137,0xe83aa27e02dd1c40f8b983efe5f119a82b83a269,0x349cf448afcb965fa614686e3d1a47de7e1d92ac,0.7792428896747171,OCEAN
137,0xe83aa27e02dd1c40f8b983efe5f119a82b83a269,0x977a667de989d7b756aa4cd46c884a58e772f808,0.3671187032980896,OCEAN
137,0xe83aa27e02dd1c40f8b983efe5f119a82b83a269,0x21d415eac10b29f89ac04d453f1a9390ad5eb8d7,0.6474787390454205,OCEAN
137,0xe83aa27e02dd1c40f8b983efe5f119a82b83a269,0xf2f98a98b87beeea252a924eac36b23422efb5fb,10.963842268186303,OCEAN
137,0xe83aa27e02dd1c40f8b983efe5f119a82b83a269,0x8475b523b5fa2db7b77eb5f14edabdefc2102698,9.652576764325431,OCEAN
137,0xe83aa27e02dd1c40f8b983efe5f119a82b83a269,0x4602f9ed469c6bbdabd7c3708ea01f9d1739941d,1.3444836564752607,OCEAN
137,0xe83aa27e02dd1c40f8b983efe5f119a82b83a269,0x64e98f813a2184c5b41e6c91aa1917d84fd09897,0.08401313180622307,OCEAN
137,0xe83aa27e02dd1c40f8b983efe5f119a82b83a269,0xfa113845230f524650cbcf238b14202921c2f154,0.30225495968856886,OCEAN
137,0xe83aa27e02dd1c40f8b983efe5f119a82b83a269,0x20d6ad3a7e0b402320fdb57bc5aae2d67dc9bad7,0.009528453507084473,OCEAN
137,0xe83aa27e02dd1c40f8b983efe5f119a82b83a269,0x2196b9fe1117df9324108d82dffc849492c23c14,0.02412613460477582,OCEAN
137,0x910c0a33658fd8575ef292e688ba62846ba23256,0xb6da110659ef762a381cf2d6f601eb19b5f5d51e,0.055529528995301364,OCEAN
137,0x910c0a33658fd8575ef292e688ba62846ba23256,0x341a85f21a1e2f60e70e1b5b326e1fc70af8da4b,0.27336073908979297,OCEAN
137,0x910c0a33658fd8575ef292e688ba62846ba23256,0x57e837b0a98290da2a341341f5c5ff32ef548c25,0.6069661631201758,OCEAN
137,0x910c0a33658fd8575ef292e688ba62846ba23256,0xf2f98a98b87beeea252a924eac36b23422efb5fb,2.3757342801750916,OCEAN
137,0x910c0a33658fd8575ef292e688ba62846ba23256,0x8475b523b5fa2db7b77eb5f14edabdefc2102698,20.405840331262002,OCEAN
137,0x910c0a33658fd8575ef292e688ba62846ba23256,0xfa113845230f524650cbcf238b14202921c2f154,0.6389761612186466,OCEAN
137,0x910c0a33658fd8575ef292e688ba62846ba23256,0x054efb6d55466ba2ffb4133f39ae67985a314bed,0.26777784866937204,OCEAN
137,0x910c0a33658fd8575ef292e688ba62846ba23256,0x20d6ad3a7e0b402320fdb57bc5aae2d67dc9bad7,0.0201434399970822,OCEAN
137,0x910c0a33658fd8575ef292e688ba62846ba23256,0x2196b9fe1117df9324108d82dffc849492c23c14,0.05100338102206178,OCEAN
137,0x7e0a18f7e989f9f09c48c60ada397fb099e0b2a7,0xb6da110659ef762a381cf2d6f601eb19b5f5d51e,0.02863952863971663,OCEAN
137,0x7e0a18f7e989f9f09c48c60ada397fb099e0b2a7,0x02aa319b5ce28294b7207bdce3bbcf4bf514c05b,0.008016509633760594,OCEAN
137,0x7e0a18f7e989f9f09c48c60ada397fb099e0b2a7,0x504ec475d27abca384a384b4bf7377ff2be601da,0.3493354150254684,OCEAN
137,0x7e0a18f7e989f9f09c48c60ada397fb099e0b2a7,0x0a8162d91d6bf4530950e539068c75f7ddf972bc,0.03455993990384265,OCEAN
137,0x7e0a18f7e989f9f09c48c60ada397fb099e0b2a7,0x57e837b0a98290da2a341341f5c5ff32ef548c25,0.3130447011983493,OCEAN
137,0x7e0a18f7e989f9f09c48c60ada397fb099e0b2a7,0x9885a27b50df1dd62b41f55f365ccd8625450d56,0.0401557744199252,OCEAN
137,0x7e0a18f7e989f9f09c48c60ada397fb099e0b2a7,0x21d415eac10b29f89ac04d453f1a9390ad5eb8d7,0.7059575843803347,OCEAN
137,0x7e0a18f7e989f9f09c48c60ada397fb099e0b2a7,0xf2f98a98b87beeea252a924eac36b23422efb5fb,11.954072213377884,OCEAN
137,0x7e0a18f7e989f9f09c48c60ada397fb099e0b2a7,0xca032e6f1aea86850a0b738336de433af5c047ec,0.04634333789462929,OCEAN
137,0x7e0a18f7e989f9f09c48c60ada397fb099e0b2a7,0x8475b523b5fa2db7b77eb5f14edabdefc2102698,10.52437611408721,OCEAN
137,0x7e0a18f7e989f9f09c48c60ada397fb099e0b2a7,0x64e98f813a2184c5b41e6c91aa1917d84fd09897,0.0916010117545919,OCEAN
137,0x7e0a18f7e989f9f09c48c60ada397fb099e0b2a7,0x8141665f038e82610b66e217a05dd200d601a642,0.0948743244090267,OCEAN
137,0x7e0a18f7e989f9f09c48c60ada397fb099e0b2a7,0xfa113845230f524650cbcf238b14202921c2f154,0.32955395805475085,OCEAN
137,0x7e0a18f7e989f9f09c48c60ada397fb099e0b2a7,0x054efb6d55466ba2ffb4133f39ae67985a314bed,0.1381072648157542,OCEAN
137,0x7e0a18f7e989f9f09c48c60ada397fb099e0b2a7,0x20d6ad3a7e0b402320fdb57bc5aae2d67dc9bad7,0.010389042319225567,OCEAN
137,0x7e0a18f7e989f9f09c48c60ada397fb099e0b2a7,0x2196b9fe1117df9324108d82dffc849492c23c14,0.026305153635056335,OCEAN
137,0x83e580deab9fd981546461d5b74461b1057c2276,0x1e38e305126bfe9b6329f5fdce28d72fdf9d5647,4.179333662926373,OCEAN
137,0x83e580deab9fd981546461d5b74461b1057c2276,0x663052ad99b85a8c35040c4fd1cc87620f4b61f1,4.659940409760674,OCEAN
137,0x83e580deab9fd981546461d5b74461b1057c2276,0x8978be1b2082d10ea95533d2897ddab53afb97e9,4.198560171170482,OCEAN
137,0x83e580deab9fd981546461d5b74461b1057c2276,0xc3fa54ee9eb7e4e5c746088b86df940b9352bfd6,1.1488407415132516,OCEAN
137,0x83e580deab9fd981546461d5b74461b1057c2276,0x867e0983c2574aac1b88d831ec7d92265a4373a3,0.016829979684328145,OCEAN
137,0x83e580deab9fd981546461d5b74461b1057c2276,0x5cdc664bcabe8c55699ce7e0e5b5b52dbff3fc44,1.4764167634885208,OCEAN
137,0x83e580deab9fd981546461d5b74461b1057c2276,0x747c5d350ef744350ceac4fb9bda16d76c3ec550,0.0071573409172343795,OCEAN
137,0x83e580deab9fd981546461d5b74461b1057c2276,0x8475b523b5fa2db7b77eb5f14edabdefc2102698,8.506605269412542,OCEAN
137,0x83e580deab9fd981546461d5b74461b1057c2276,0x506d48b2e55073b412f56378b58cb4025411a597,0.5016475346761231,OCEAN
137,0x06c84ec70e6752247094f80cae665b030d01064c,0x1e38e305126bfe9b6329f5fdce28d72fdf9d5647,7.694227144670916,OCEAN
137,0x06c84ec70e6752247094f80cae665b030d01064c,0xc5bf01b2b657823075204379743a7dff6e914da1,6.071878294885716,OCEAN
137,0x06c84ec70e6752247094f80cae665b030d01064c,0xb97df16ec07523508cefeeebe574fec85e8ffafe,0.0023702571246280012,OCEAN
137,0x06c84ec70e6752247094f80cae665b030d01064c,0xc84f2a72b6dbce73ef285d80b60f1b285e88196f,0.7576191946210716,OCEAN
137,0x06c84ec70e6752247094f80cae665b030d01064c,0x3c1fbe83ef0f5b04be5fc54edac2bec2c25dc07c,0.0763886466125111,OCEAN
137,0x06c84ec70e6752247094f80cae665b030d01064c,0x21d415eac10b29f89ac04d453f1a9390ad5eb8d7,0.5228630180414565,OCEAN
137,0x06c84ec70e6752247094f80cae665b030d01064c,0xc07c6c07b44e5a35105e63294ab799d8baaae502,1.669663488818433,OCEAN
137,0x06c84ec70e6752247094f80cae665b030d01064c,0x8475b523b5fa2db7b77eb5f14edabdefc2102698,7.830405329145849,OCEAN
137,0x06c84ec70e6752247094f80cae665b030d01064c,0x47e3190c58a5fc807bca1db7ac8582d8f1d5e6da,0.06991649962894618,OCEAN
137,0xf606f7760bef93c9454f8a05a9f63f1c802337c0,0x1e38e305126bfe9b6329f5fdce28d72fdf9d5647,4.585712997998552,OCEAN
137,0xf606f7760bef93c9454f8a05a9f63f1c802337c0,0x744f397d0d1bad2468f53cf33d6806f49f4a3fc1,0.8052430359159142,OCEAN
137,0xf606f7760bef93c9454f8a05a9f63f1c802337c0,0xb17c025cf8b30ba8a7b46db86246d26865078737,0.06535899777032211,OCEAN
137,0xf606f7760bef93c9454f8a05a9f63f1c802337c0,0x5f148fa6a7fe1f282341c8fc54b781e42b09a518,1.5514349675155379,OCEAN
137,0xf606f7760bef93c9454f8a05a9f63f1c802337c0,0x4d26f0e78c154f8fda7acf6646246fa135507017,0.509986789517171,OCEAN
137,0xf606f7760bef93c9454f8a05a9f63f1c802337c0,0xc3fa54ee9eb7e4e5c746088b86df940b9352bfd6,0.6302743865272982,OCEAN
137,0xf606f7760bef93c9454f8a05a9f63f1c802337c0,0x855f3eebdf389643bc435e8acfb91a0f8569fce0,1.1923608236510495,OCEAN
137,0xf606f7760bef93c9454f8a05a9f63f1c802337c0,0x02ae6dfaffc2c1f410fcad1f36885f6cc8b677d5,0.006397069280622836,OCEAN
137,0xf606f7760bef93c9454f8a05a9f63f1c802337c0,0xc76357b8a519e617e3fd76494c9e8538930d6078,0.30654111402653994,OCEAN
137,0xf606f7760bef93c9454f8a05a9f63f1c802337c0,0xf2f98a98b87beeea252a924eac36b23422efb5fb,8.390042941809485,OCEAN
137,0xf606f7760bef93c9454f8a05a9f63f1c802337c0,0x64b0012681110fc8aa09f9e0eb29f64ec3010594,1.9851043744633208,OCEAN
137,0xf606f7760bef93c9454f8a05a9f63f1c802337c0,0x8475b523b5fa2db7b77eb5f14edabdefc2102698,4.666874375073709,OCEAN
137,0xd24bcc82f82504614ae9b6c04c38077e2b8a7881,0x1e38e305126bfe9b6329f5fdce28d72fdf9d5647,4.317990765887359,OCEAN
137,0xd24bcc82f82504614ae9b6c04c38077e2b8a7881,0xc07df5e9eecee1af4141770e56c2555ac54064e5,0.048579218446822385,OCEAN
137,0xd24bcc82f82504614ae9b6c04c38077e2b8a7881,0xc11e23434bcfe131c44adfbe1b1a973a7405418c,0.9441015223396062,OCEAN
137,0xd24bcc82f82504614ae9b6c04c38077e2b8a7881,0x4d26f0e78c154f8fda7acf6646246fa135507017,0.9604256737483596,OCEAN
137,0xd24bcc82f82504614ae9b6c04c38077e2b8a7881,0x8e0d1207e312a1761319825882209f0c737f24fc,0.9264779467979266,OCEAN
137,0xd24bcc82f82504614ae9b6c04c38077e2b8a7881,0x8475b523b5fa2db7b77eb5f14edabdefc2102698,17.49775674632945,OCEAN
137,0x5fbf7705f2a8e81637848314829c9788f03ff8c9,0x1e38e305126bfe9b6329f5fdce28d72fdf9d5647,7.389691281059351,OCEAN
137,0x5fbf7705f2a8e81637848314829c9788f03ff8c9,0xc07df5e9eecee1af4141770e56c2555ac54064e5,0.04156857279932005,OCEAN
137,0x5fbf7705f2a8e81637848314829c9788f03ff8c9,0x476d85ffa660a49a6ba54fdca4cebc735865e50f,0.013263409340592997,OCEAN
137,0x5fbf7705f2a8e81637848314829c9788f03ff8c9,0x149756907221491eca8c5816a6b5d6b60fcd7d60,0.0985393055806428,OCEAN
137,0x5fbf7705f2a8e81637848314829c9788f03ff8c9,0x8086520cc7dc1b4895ff8b324d176373f402b717,0.05294933225884274,OCEAN
137,0x5fbf7705f2a8e81637848314829c9788f03ff8c9,0xec5096c75b69b81730e24df04b4661e6d17aace8,1.2363854941004728,OCEAN
137,0x5fbf7705f2a8e81637848314829c9788f03ff8c9,0x8475b523b5fa2db7b77eb5f14edabdefc2102698,14.972591128257779,OCEAN
137,0x5fbf7705f2a8e81637848314829c9788f03ff8c9,0x8915e50c8691eb9263f922e8e254510c2e5c74c2,0.8903433501525216,OCEAN
137,0x67ca804b587ed9e26e9e80b22eada9b04ebd21a9,0x1e38e305126bfe9b6329f5fdce28d72fdf9d5647,9.583368562486724,OCEAN
137,0x67ca804b587ed9e26e9e80b22eada9b04ebd21a9,0x663052ad99b85a8c35040c4fd1cc87620f4b61f1,3.5618059422653214,OCEAN
137,0x67ca804b587ed9e26e9e80b22eada9b04ebd21a9,0x8978be1b2082d10ea95533d2897ddab53afb97e9,3.209151888575666,OCEAN
137,0x67ca804b587ed9e26e9e80b22eada9b04ebd21a9,0x4d26f0e78c154f8fda7acf6646246fa135507017,0.7105243856408671,OCEAN
137,0x67ca804b587ed9e26e9e80b22eada9b04ebd21a9,0x5cdc664bcabe8c55699ce7e0e5b5b52dbff3fc44,1.1284929718068273,OCEAN
137,0x67ca804b587ed9e26e9e80b22eada9b04ebd21a9,0x8475b523b5fa2db7b77eb5f14edabdefc2102698,6.501988122774123,OCEAN
137,0xe86e049a1b1971ae029008621e4e7dab70f4b089,0x1e38e305126bfe9b6329f5fdce28d72fdf9d5647,3.3291939737813645,OCEAN
137,0xe86e049a1b1971ae029008621e4e7dab70f4b089,0x8978be1b2082d10ea95533d2897ddab53afb97e9,3.344509519403134,OCEAN
137,0xe86e049a1b1971ae029008621e4e7dab70f4b089,0x867e0983c2574aac1b88d831ec7d92265a4373a3,0.008043904334457317,OCEAN
137,0xe86e049a1b1971ae029008621e4e7dab70f4b089,0xcd2e9293bf8887bfb61c30740b728f3ad734c3f5,3.896970488932592,OCEAN
137,0xe86e049a1b1971ae029008621e4e7dab70f4b089,0x5cdc664bcabe8c55699ce7e0e5b5b52dbff3fc44,1.1760912595703326,OCEAN
137,0xe86e049a1b1971ae029008621e4e7dab70f4b089,0x64b0012681110fc8aa09f9e0eb29f64ec3010594,5.764684814487729,OCEAN
137,0xe86e049a1b1971ae029008621e4e7dab70f4b089,0x8475b523b5fa2db7b77eb5f14edabdefc2102698,6.776233075498269,OCEAN
137,0xe86e049a1b1971ae029008621e4e7dab70f4b089,0x506d48b2e55073b412f56378b58cb4025411a597,0.39960483754164633,OCEAN
137,0x59398137f0d75fd09c152cbc02c7904c4e243b7f,0xc07df5e9eecee1af4141770e56c2555ac54064e5,0.05409841606296821,OCEAN
137,0x59398137f0d75fd09c152cbc02c7904c4e243b7f,0x476d85ffa660a49a6ba54fdca4cebc735865e50f,0.017261344053953073,OCEAN
137,0x59398137f0d75fd09c152cbc02c7904c4e243b7f,0x3014143d92cd8b63025e956aa26ee7a2e50a89be,0.06616937671530226,OCEAN
137,0x59398137f0d75fd09c152cbc02c7904c4e243b7f,0xec5096c75b69b81730e24df04b4661e6d17aace8,1.6090640685927031,OCEAN
137,0x59398137f0d75fd09c152cbc02c7904c4e243b7f,0x207372a1df51a428d1b7e8aa2c81f0225d0a94b3,1.3899308000833954,OCEAN
137,0x59398137f0d75fd09c152cbc02c7904c4e243b7f,0xc07c6c07b44e5a35105e63294ab799d8baaae502,2.086938631095831,OCEAN
137,0x59398137f0d75fd09c152cbc02c7904c4e243b7f,0x8475b523b5fa2db7b77eb5f14edabdefc2102698,9.78734666474473,OCEAN
137,0x59398137f0d75fd09c152cbc02c7904c4e243b7f,0xe2680c6c726d2fbd9f8766e6c6d0bfd289414122,8.297399510441306,OCEAN
137,0x59398137f0d75fd09c152cbc02c7904c4e243b7f,0x8915e50c8691eb9263f922e8e254510c2e5c74c2,1.1587158699909939,OCEAN
137,0x59398137f0d75fd09c152cbc02c7904c4e243b7f,0x7a9fbb28648b7954e4a6dfedd58ffb007eef9b2b,0.22840719176834623,OCEAN
137,0xdc99e7674f539f99c21982e377fd4b952c61b96a,0xc07df5e9eecee1af4141770e56c2555ac54064e5,0.06205521654378854,OCEAN
137,0xdc99e7674f539f99c21982e377fd4b952c61b96a,0x5f148fa6a7fe1f282341c8fc54b781e42b09a518,1.4528964035207081,OCEAN
137,0xdc99e7674f539f99c21982e377fd4b952c61b96a,0x8086520cc7dc1b4895ff8b324d176373f402b717,0.07904486629921631,OCEAN
137,0xdc99e7674f539f99c21982e377fd4b952c61b96a,0x21d415eac10b29f89ac04d453f1a9390ad5eb8d7,0.7496566521188845,OCEAN
137,0xdc99e7674f539f99c21982e377fd4b952c61b96a,0x8475b523b5fa2db7b77eb5f14edabdefc2102698,22.35167873506693,OCEAN
137,0x1d15b674a5ec38de7820ff1b6b8e8e220957a232,0x8686a47d83984f77162081149e30d104c750ae14,0.8448313283876467,OCEAN
137,0x1d15b674a5ec38de7820ff1b6b8e8e220957a232,0xe0dc24a3d7478eb840dc63baa20fcb06cdb123be,1.2749653500042797,OCEAN
137,0x1d15b674a5ec38de7820ff1b6b8e8e220957a232,0xc5bf01b2b657823075204379743a7dff6e914da1,55.48081444370932,OCEAN
137,0x1d15b674a5ec38de7820ff1b6b8e8e220957a232,0xc76357b8a519e617e3fd76494c9e8538930d6078,1.2930287262618927,OCEAN
137,0x1d15b674a5ec38de7820ff1b6b8e8e220957a232,0x8475b523b5fa2db7b77eb5f14edabdefc2102698,286.1962931314323,OCEAN
137,0x1d15b674a5ec38de7820ff1b6b8e8e220957a232,0xb8cd8c2e524a47cf3e149fdda0a1519d1dee5def,7.308933036577257,OCEAN
137,0x5a253be88139f6d6cb63b7e3eb346d29973f065d,0xe0dc24a3d7478eb840dc63baa20fcb06cdb123be,1.2749653500042797,OCEAN
137,0x5a253be88139f6d6cb63b7e3eb346d29973f065d,0x663052ad99b85a8c35040c4fd1cc87620f4b61f1,156.77907099819785,OCEAN
137,0x5a253be88139f6d6cb63b7e3eb346d29973f065d,0x8978be1b2082d10ea95533d2897ddab53afb97e9,141.25639070134568,OCEAN
137,0x5a253be88139f6d6cb63b7e3eb346d29973f065d,0x5cdc664bcabe8c55699ce7e0e5b5b52dbff3fc44,49.67257694992375,OCEAN
137,0x5a253be88139f6d6cb63b7e3eb346d29973f065d,0x8475b523b5fa2db7b77eb5f14edabdefc2102698,286.1962931314323,OCEAN
137,0x6929d9edf919da776a380a62da82a6334081f228,0xe0dc24a3d7478eb840dc63baa20fcb06cdb123be,0.7931163395999172,OCEAN
137,0x6929d9edf919da776a380a62da82a6334081f228,0x663052ad99b85a8c35040c4fd1cc87620f4b61f1,97.52738999185257,OCEAN
137,0x6929d9edf919da776a380a62da82a6334081f228,0x8978be1b2082d10ea95533d2897ddab53afb97e9,87.87121276493592,OCEAN
137,0x6929d9edf919da776a380a62da82a6334081f228,0x5cdc664bcabe8c55699ce7e0e5b5b52dbff3fc44,30.899767126131305,OCEAN
137,0x6929d9edf919da776a380a62da82a6334081f228,0x8475b523b5fa2db7b77eb5f14edabdefc2102698,178.03382375427265,OCEAN
137,0x2b53eb87801d160ed9477b06db5038954b8b60e3,0xe0dc24a3d7478eb840dc63baa20fcb06cdb123be,1.9124480250064195,OCEAN
137,0x2b53eb87801d160ed9477b06db5038954b8b60e3,0x663052ad99b85a8c35040c4fd1cc87620f4b61f1,156.77907099819785,OCEAN
137,0x2b53eb87801d160ed9477b06db5038954b8b60e3,0x8978be1b2082d10ea95533d2897ddab53afb97e9,141.25639070134568,OCEAN
137,0x2b53eb87801d160ed9477b06db5038954b8b60e3,0x5f148fa6a7fe1f282341c8fc54b781e42b09a518,14.271273481528572,OCEAN
137,0x2b53eb87801d160ed9477b06db5038954b8b60e3,0xc3fa54ee9eb7e4e5c746088b86df940b9352bfd6,38.6516067463143,OCEAN
137,0x2b53eb87801d160ed9477b06db5038954b8b60e3,0x5cdc664bcabe8c55699ce7e0e5b5b52dbff3fc44,49.67257694992375,OCEAN
137,0x2b53eb87801d160ed9477b06db5038954b8b60e3,0x747c5d350ef744350ceac4fb9bda16d76c3ec550,0.2408016328859075,OCEAN
137,0x2b53eb87801d160ed9477b06db5038954b8b60e3,0x8475b523b5fa2db7b77eb5f14edabdefc2102698,286.1962931314323,OCEAN
137,0x2b53eb87801d160ed9477b06db5038954b8b60e3,0x506d48b2e55073b412f56378b58cb4025411a597,16.877433516171944,OCEAN
137,0x2d4a50a2abdc25744a2ca6006d10c90dd684235f,0xe0dc24a3d7478eb840dc63baa20fcb06cdb123be,1.2749653500042797,OCEAN
137,0x2d4a50a2abdc25744a2ca6006d10c90dd684235f,0x663052ad99b85a8c35040c4fd1cc87620f4b61f1,156.77907099819785,OCEAN
137,0x2d4a50a2abdc25744a2ca6006d10c90dd684235f,0x8978be1b2082d10ea95533d2897ddab53afb97e9,141.25639070134568,OCEAN
137,0x2d4a50a2abdc25744a2ca6006d10c90dd684235f,0x5cdc664bcabe8c55699ce7e0e5b5b52dbff3fc44,49.67257694992375,OCEAN
137,0x2d4a50a2abdc25744a2ca6006d10c90dd684235f,0x8475b523b5fa2db7b77eb5f14edabdefc2102698,286.1962931314323,OCEAN
137,0x036db6dcb29dec801063a0eacf6b16305c7317fe,0xe0dc24a3d7478eb840dc63baa20fcb06cdb123be,0.6374826750021398,OCEAN
137,0x036db6dcb29dec801063a0eacf6b16305c7317fe,0xc7853af79ab9b05ba93789370d9f33defabf728a,49.98689558590046,OCEAN
137,0x036db6dcb29dec801063a0eacf6b16305c7317fe,0x4599225b77519a74a87b8bdbb8ad5909c3864027,128.23582161617702,OCEAN
137,0x036db6dcb29dec801063a0eacf6b16305c7317fe,0xcf8a4b99640defaf99acae9d770dec9dff37927d,859.2021373291647,OCEAN
137,0x2194549badc17baa1e809757a70f0687e36a00e9,0xe0dc24a3d7478eb840dc63baa20fcb06cdb123be,1.2749653500042797,OCEAN
137,0x2194549badc17baa1e809757a70f0687e36a00e9,0x663052ad99b85a8c35040c4fd1cc87620f4b61f1,156.77907099819785,OCEAN
137,0x2194549badc17baa1e809757a70f0687e36a00e9,0x8978be1b2082d10ea95533d2897ddab53afb97e9,141.25639070134568,OCEAN
137,0x2194549badc17baa1e809757a70f0687e36a00e9,0xc76357b8a519e617e3fd76494c9e8538930d6078,1.2930287262618927,OCEAN
137,0x2194549badc17baa1e809757a70f0687e36a00e9,0x5cdc664bcabe8c55699ce7e0e5b5b52dbff3fc44,49.67257694992375,OCEAN
137,0x2194549badc17baa1e809757a70f0687e36a00e9,0x8475b523b5fa2db7b77eb5f14edabdefc2102698,286.1962931314323,OCEAN
137,0x2194549badc17baa1e809757a70f0687e36a00e9,0xb8cd8c2e524a47cf3e149fdda0a1519d1dee5def,7.308933036577257,OCEAN
137,0x384ff6834e919a8b250ee88f5a0fd799c786a1c3,0xe0dc24a3d7478eb840dc63baa20fcb06cdb123be,1.2749653500042797,OCEAN
137,0x384ff6834e919a8b250ee88f5a0fd799c786a1c3,0x663052ad99b85a8c35040c4fd1cc87620f4b61f1,156.77907099819785,OCEAN
137,0x384ff6834e919a8b250ee88f5a0fd799c786a1c3,0x8978be1b2082d10ea95533d2897ddab53afb97e9,141.25639070134568,OCEAN
137,0x384ff6834e919a8b250ee88f5a0fd799c786a1c3,0x5cdc664bcabe8c55699ce7e0e5b5b52dbff3fc44,49.67257694992375,OCEAN
137,0x384ff6834e919a8b250ee88f5a0fd799c786a1c3,0x8475b523b5fa2db7b77eb5f14edabdefc2102698,286.1962931314323,OCEAN
137,0x4b5f90be3e1cb98da366b24912964d0038f0805d,0xe0dc24a3d7478eb840dc63baa20fcb06cdb123be,1.2749653500042797,OCEAN
137,0x4b5f90be3e1cb98da366b24912964d0038f0805d,0x663052ad99b85a8c35040c4fd1cc87620f4b61f1,156.77907099819785,OCEAN
137,0x4b5f90be3e1cb98da366b24912964d0038f0805d,0x8978be1b2082d10ea95533d2897ddab53afb97e9,141.25639070134568,OCEAN
137,0x4b5f90be3e1cb98da366b24912964d0038f0805d,0x5cdc664bcabe8c55699ce7e0e5b5b52dbff3fc44,49.67257694992375,OCEAN
137,0x4b5f90be3e1cb98da366b24912964d0038f0805d,0x8475b523b5fa2db7b77eb5f14edabdefc2102698,286.1962931314323,OCEAN
137,0x29090bb218b3bca9a947bff38e4c5018921f4c97,0xe0dc24a3d7478eb840dc63baa20fcb06cdb123be,0.7931163395999172,OCEAN
137,0x29090bb218b3bca9a947bff38e4c5018921f4c97,0x663052ad99b85a8c35040c4fd1cc87620f4b61f1,97.52738999185257,OCEAN
137,0x29090bb218b3bca9a947bff38e4c5018921f4c97,0x8978be1b2082d10ea95533d2897ddab53afb97e9,87.87121276493592,OCEAN
137,0x29090bb218b3bca9a947bff38e4c5018921f4c97,0x5cdc664bcabe8c55699ce7e0e5b5b52dbff3fc44,30.899767126131305,OCEAN
137,0x29090bb218b3bca9a947bff38e4c5018921f4c97,0x8475b523b5fa2db7b77eb5f14edabdefc2102698,178.03382375427265,OCEAN
137,0x8f8b07f047fada7b1a2d5774ba66d8c6c403273c,0xe0dc24a3d7478eb840dc63baa20fcb06cdb123be,1.2749653500042797,OCEAN
137,0x8f8b07f047fada7b1a2d5774ba66d8c6c403273c,0x663052ad99b85a8c35040c4fd1cc87620f4b61f1,156.77907099819785,OCEAN
137,0x8f8b07f047fada7b1a2d5774ba66d8c6c403273c,0x8978be1b2082d10ea95533d2897ddab53afb97e9,141.25639070134568,OCEAN
137,0x8f8b07f047fada7b1a2d5774ba66d8c6c403273c,0x5cdc664bcabe8c55699ce7e0e5b5b52dbff3fc44,49.67257694992375,OCEAN
137,0x8f8b07f047fada7b1a2d5774ba66d8c6c403273c,0x8475b523b5fa2db7b77eb5f14edabdefc2102698,286.1962931314323,OCEAN
137,0x8ff17c38ae6c6c45d9cbcfc63a0afe14535a31e4,0xe0dc24a3d7478eb840dc63baa20fcb06cdb123be,0.04956977122499483,OCEAN
137,0x8ff17c38ae6c6c45d9cbcfc63a0afe14535a31e4,0x663052ad99b85a8c35040c4fd1cc87620f4b61f1,6.095461874490786,OCEAN
137,0x8ff17c38ae6c6c45d9cbcfc63a0afe14535a31e4,0x8978be1b2082d10ea95533d2897ddab53afb97e9,5.491950797808495,OCEAN
137,0x8ff17c38ae6c6c45d9cbcfc63a0afe14535a31e4,0x5cdc664bcabe8c55699ce7e0e5b5b52dbff3fc44,1.9312354453832066,OCEAN
137,0x8ff17c38ae6c6c45d9cbcfc63a0afe14535a31e4,0x8475b523b5fa2db7b77eb5f14edabdefc2102698,11.12711398464204,OCEAN
137,0x4f6c42cd88c59b581b662f235eb0a91e3a4e5104,0xe0dc24a3d7478eb840dc63baa20fcb06cdb123be,1.2749653500042797,OCEAN
137,0x4f6c42cd88c59b581b662f235eb0a91e3a4e5104,0x663052ad99b85a8c35040c4fd1cc87620f4b61f1,156.77907099819785,OCEAN
137,0x4f6c42cd88c59b581b662f235eb0a91e3a4e5104,0x8978be1b2082d10ea95533d2897ddab53afb97e9,141.25639070134568,OCEAN
137,0x4f6c42cd88c59b581b662f235eb0a91e3a4e5104,0x5cdc664bcabe8c55699ce7e0e5b5b52dbff3fc44,49.67257694992375,OCEAN
137,0x4f6c42cd88c59b581b662f235eb0a91e3a4e5104,0x8475b523b5fa2db7b77eb5f14edabdefc2102698,286.1962931314323,OCEAN
137,0x672e299d428ba7aa0ff7ba29532e7224aa651ea6,0xe0dc24a3d7478eb840dc63baa20fcb06cdb123be,1.2749653500042797,OCEAN
137,0x672e299d428ba7aa0ff7ba29532e7224aa651ea6,0x663052ad99b85a8c35040c4fd1cc87620f4b61f1,156.77907099819785,OCEAN
137,0x672e299d428ba7aa0ff7ba29532e7224aa651ea6,0x8978be1b2082d10ea95533d2897ddab53afb97e9,141.25639070134568,OCEAN
137,0x672e299d428ba7aa0ff7ba29532e7224aa651ea6,0x5cdc664bcabe8c55699ce7e0e5b5b52dbff3fc44,49.67257694992375,OCEAN
137,0x672e299d428ba7aa0ff7ba29532e7224aa651ea6,0x8475b523b5fa2db7b77eb5f14edabdefc2102698,286.1962931314323,OCEAN
137,0x2925bfc61444f3a40f1d818a51d35aa16d7d0ad2,0xe0dc24a3d7478eb840dc63baa20fcb06cdb123be,1.2749653500042797,OCEAN
137,0x2925bfc61444f3a40f1d818a51d35aa16d7d0ad2,0x663052ad99b85a8c35040c4fd1cc87620f4b61f1,156.77907099819785,OCEAN
137,0x2925bfc61444f3a40f1d818a51d35aa16d7d0ad2,0x8978be1b2082d10ea95533d2897ddab53afb97e9,141.25639070134568,OCEAN
137,0x2925bfc61444f3a40f1d818a51d35aa16d7d0ad2,0x5cdc664bcabe8c55699ce7e0e5b5b52dbff3fc44,49.67257694992375,OCEAN
137,0x2925bfc61444f3a40f1d818a51d35aa16d7d0ad2,0x8475b523b5fa2db7b77eb5f14edabdefc2102698,286.1962931314323,OCEAN
137,0x9723488dc1524849a82917a61a38bbe24a8219c1,0xb2937626152956d7b5bfffd4a22d021c8592d6be,9.727043379255638e-05,OCEAN
137,0x9723488dc1524849a82917a61a38bbe24a8219c1,0xfefe74202c45c34045ac4a3270a2ce84629109b0,0.0007821366249174719,OCEAN
137,0x9723488dc1524849a82917a61a38bbe24a8219c1,0xe1fde9ab0c643778eb27a1cf821dabd23bdfb70e,4.0888542328338026e-05,OCEAN
137,0x9723488dc1524849a82917a61a38bbe24a8219c1,0x6f970790f9046cfc1942894fb038b0dd7a76c8a9,0.00023416231295625263,OCEAN
137,0x9723488dc1524849a82917a61a38bbe24a8219c1,0x33311d0ac7fc6d76f9858f708a2a1261d98c3303,2.4392661106848877e-06,OCEAN
137,0x9723488dc1524849a82917a61a38bbe24a8219c1,0x73f71c902630b72bab8e42a1b92bb75e20be9185,9.183515728283747e-05,OCEAN
137,0x9723488dc1524849a82917a61a38bbe24a8219c1,0x44091f0b9619cf836e0f03a49f8c959e2993bd20,0.00010671052335721481,OCEAN
137,0x9723488dc1524849a82917a61a38bbe24a8219c1,0x8cf6b6f1ec5d5d04abaa4e1664599acf64d2c8eb,3.177909833854906e-05,OCEAN
137,0x9723488dc1524849a82917a61a38bbe24a8219c1,0x406f9cebad0f873e89cfaa75b2b49286f02f360a,2.9885181224005735e-06,OCEAN
137,0x9723488dc1524849a82917a61a38bbe24a8219c1,0x4112111874dd89d82d50b25d947de2fe937aa80d,9.008067068393743e-05,OCEAN
137,0x9723488dc1524849a82917a61a38bbe24a8219c1,0xbf6d989ad2ac8ff6ac21875611e205401bb57bc7,1.0777894260491375e-06,OCEAN
137,0x9723488dc1524849a82917a61a38bbe24a8219c1,0x47e3190c58a5fc807bca1db7ac8582d8f1d5e6da,3.53746717302295e-05,OCEAN
137,0x9723488dc1524849a82917a61a38bbe24a8219c1,0x034e1f7a66b582b68e511b325ed0ccb71bb4bc12,0.00013449606950727193,OCEAN
137,0xa61a79d41356de6750d836b37c6fdf8662684a48,0x663052ad99b85a8c35040c4fd1cc87620f4b61f1,156.77907099819785,OCEAN
137,0xa61a79d41356de6750d836b37c6fdf8662684a48,0x8978be1b2082d10ea95533d2897ddab53afb97e9,141.25639070134568,OCEAN
137,0xa61a79d41356de6750d836b37c6fdf8662684a48,0x5cdc664bcabe8c55699ce7e0e5b5b52dbff3fc44,49.67257694992375,OCEAN
137,0xa61a79d41356de6750d836b37c6fdf8662684a48,0x8475b523b5fa2db7b77eb5f14edabdefc2102698,286.1962931314323,OCEAN
137,0xa61a79d41356de6750d836b37c6fdf8662684a48,0x506d48b2e55073b412f56378b58cb4025411a597,16.877433516171944,OCEAN
137,0x037dd843d8a62ad1adfd7e07da6eeb9c9b280d3d,0x663052ad99b85a8c35040c4fd1cc87620f4b61f1,5.291920659888457,OCEAN
137,0x037dd843d8a62ad1adfd7e07da6eeb9c9b280d3d,0xc7853af79ab9b05ba93789370d9f33defabf728a,0.8436288204493648,OCEAN
137,0x037dd843d8a62ad1adfd7e07da6eeb9c9b280d3d,0x8978be1b2082d10ea95533d2897ddab53afb97e9,4.7679681193054115,OCEAN
137,0x037dd843d8a62ad1adfd7e07da6eeb9c9b280d3d,0xc5bf01b2b657823075204379743a7dff6e914da1,1.8726993744303928,OCEAN
137,0x037dd843d8a62ad1adfd7e07da6eeb9c9b280d3d,0x66de7757e105b1c7602289e37eaf9c8c311f4366,0.004388380497355865,OCEAN
137,0x037dd843d8a62ad1adfd7e07da6eeb9c9b280d3d,0x5cdc664bcabe8c55699ce7e0e5b5b52dbff3fc44,1.6766481298656388,OCEAN
137,0x037dd843d8a62ad1adfd7e07da6eeb9c9b280d3d,0x747c5d350ef744350ceac4fb9bda16d76c3ec550,0.008128018158868013,OCEAN
137,0x037dd843d8a62ad1adfd7e07da6eeb9c9b280d3d,0x8475b523b5fa2db7b77eb5f14edabdefc2102698,9.660269491092523,OCEAN
137,0x037dd843d8a62ad1adfd7e07da6eeb9c9b280d3d,0x506d48b2e55073b412f56378b58cb4025411a597,0.5696808798615144,OCEAN
137,0xa2917614ed169c698f3b082b20a423b534756abe,0x663052ad99b85a8c35040c4fd1cc87620f4b61f1,92.48527905196876,OCEAN
137,0xa2917614ed169c698f3b082b20a423b534756abe,0x8978be1b2082d10ea95533d2897ddab53afb97e9,83.32832072999112,OCEAN
137,0xa2917614ed169c698f3b082b20a423b534756abe,0x5cdc664bcabe8c55699ce7e0e5b5b52dbff3fc44,29.302266630326542,OCEAN
137,0xa2917614ed169c698f3b082b20a423b534756abe,0x8475b523b5fa2db7b77eb5f14edabdefc2102698,168.82957569128482,OCEAN
137,0xa2917614ed169c698f3b082b20a423b534756abe,0x80d221b17bdc13c910d54ea85909269bae2ae08f,12.379955092736934,OCEAN
137,0xa2917614ed169c698f3b082b20a423b534756abe,0xa52a459738892e1a712f4837410520d522e5c624,8.799912780484272,OCEAN
137,0x42afc3755ed8852e529fb0842c3d63bf392c8ffd,0x663052ad99b85a8c35040c4fd1cc87620f4b61f1,156.77907099819785,OCEAN
137,0x42afc3755ed8852e529fb0842c3d63bf392c8ffd,0x8978be1b2082d10ea95533d2897ddab53afb97e9,141.25639070134568,OCEAN
137,0x42afc3755ed8852e529fb0842c3d63bf392c8ffd,0x5cdc664bcabe8c55699ce7e0e5b5b52dbff3fc44,49.67257694992375,OCEAN
137,0x42afc3755ed8852e529fb0842c3d63bf392c8ffd,0x8475b523b5fa2db7b77eb5f14edabdefc2102698,286.1962931314323,OCEAN
137,0x42afc3755ed8852e529fb0842c3d63bf392c8ffd,0x506d48b2e55073b412f56378b58cb4025411a597,16.877433516171944,OCEAN
137,0x39efd103414cc7fb6ce951ba2891afcc762d7865,0x663052ad99b85a8c35040c4fd1cc87620f4b61f1,156.77907099819785,OCEAN
137,0x39efd103414cc7fb6ce951ba2891afcc762d7865,0x8978be1b2082d10ea95533d2897ddab53afb97e9,141.25639070134568,OCEAN
137,0x39efd103414cc7fb6ce951ba2891afcc762d7865,0x5cdc664bcabe8c55699ce7e0e5b5b52dbff3fc44,49.67257694992375,OCEAN
137,0x39efd103414cc7fb6ce951ba2891afcc762d7865,0x8475b523b5fa2db7b77eb5f14edabdefc2102698,286.1962931314323,OCEAN
137,0x39efd103414cc7fb6ce951ba2891afcc762d7865,0x506d48b2e55073b412f56378b58cb4025411a597,16.877433516171944,OCEAN
137,0x50eb3b3f26e467abe411fa28d6dfb60012ca95b9,0x663052ad99b85a8c35040c4fd1cc87620f4b61f1,5.119245133840068,OCEAN
137,0x50eb3b3f26e467abe411fa28d6dfb60012ca95b9,0x8978be1b2082d10ea95533d2897ddab53afb97e9,4.612389179994488,OCEAN
137,0x50eb3b3f26e467abe411fa28d6dfb60012ca95b9,0x0cf776d57e0223f47ed3a101927bb78d41ad8a13,2.5029921473888694,OCEAN
137,0x50eb3b3f26e467abe411fa28d6dfb60012ca95b9,0x4d26f0e78c154f8fda7acf6646246fa135507017,1.021209061533921,OCEAN
137,0x50eb3b3f26e467abe411fa28d6dfb60012ca95b9,0x5cdc664bcabe8c55699ce7e0e5b5b52dbff3fc44,1.6219390523057537,OCEAN
137,0x50eb3b3f26e467abe411fa28d6dfb60012ca95b9,0x8475b523b5fa2db7b77eb5f14edabdefc2102698,9.345054614802455,OCEAN
137,0x50eb3b3f26e467abe411fa28d6dfb60012ca95b9,0xcb9ec343576e452d549bfa57d969d83886c5dabf,0.4725026836839676,OCEAN
137,0xc80958b1a2d749d8077150e26b640f19f17643c7,0x663052ad99b85a8c35040c4fd1cc87620f4b61f1,89.85259712977476,OCEAN
137,0xc80958b1a2d749d8077150e26b640f19f17643c7,0x8978be1b2082d10ea95533d2897ddab53afb97e9,80.95630038425202,OCEAN
137,0xc80958b1a2d749d8077150e26b640f19f17643c7,0xc3fa54ee9eb7e4e5c746088b86df940b9352bfd6,22.151855010258256,OCEAN
137,0xc80958b1a2d749d8077150e26b640f19f17643c7,0x5cdc664bcabe8c55699ce7e0e5b5b52dbff3fc44,28.46814958567103,OCEAN
137,0xc80958b1a2d749d8077150e26b640f19f17643c7,0x8475b523b5fa2db7b77eb5f14edabdefc2102698,164.0236803486934,OCEAN
137,0xc80958b1a2d749d8077150e26b640f19f17643c7,0x506d48b2e55073b412f56378b58cb4025411a597,9.672727518142953,OCEAN
137,0xc96c87c1e51e94dabaf86d1e988cc6287f99b5af,0x663052ad99b85a8c35040c4fd1cc87620f4b61f1,156.77907099819785,OCEAN
137,0xc96c87c1e51e94dabaf86d1e988cc6287f99b5af,0x8978be1b2082d10ea95533d2897ddab53afb97e9,141.25639070134568,OCEAN
137,0xc96c87c1e51e94dabaf86d1e988cc6287f99b5af,0x5f148fa6a7fe1f282341c8fc54b781e42b09a518,14.271273481528572,OCEAN
137,0xc96c87c1e51e94dabaf86d1e988cc6287f99b5af,0x5cdc664bcabe8c55699ce7e0e5b5b52dbff3fc44,49.67257694992375,OCEAN
137,0xc96c87c1e51e94dabaf86d1e988cc6287f99b5af,0x8475b523b5fa2db7b77eb5f14edabdefc2102698,286.1962931314323,OCEAN
137,0x2124798010e3c1d63a03271588879db9d9071aa1,0x663052ad99b85a8c35040c4fd1cc87620f4b61f1,93.94738827154589,OCEAN
137,0x2124798010e3c1d63a03271588879db9d9071aa1,0x8978be1b2082d10ea95533d2897ddab53afb97e9,84.64566666050122,OCEAN
137,0x2124798010e3c1d63a03271588879db9d9071aa1,0xc76357b8a519e617e3fd76494c9e8538930d6078,0.7748270927934305,OCEAN
137,0x2124798010e3c1d63a03271588879db9d9071aa1,0x5cdc664bcabe8c55699ce7e0e5b5b52dbff3fc44,29.765509155341082,OCEAN
137,0x2124798010e3c1d63a03271588879db9d9071aa1,0x8475b523b5fa2db7b77eb5f14edabdefc2102698,171.49861969143126,OCEAN
137,0x2124798010e3c1d63a03271588879db9d9071aa1,0x506d48b2e55073b412f56378b58cb4025411a597,10.11353613384553,OCEAN
137,0x2124798010e3c1d63a03271588879db9d9071aa1,0xb8cd8c2e524a47cf3e149fdda0a1519d1dee5def,4.379762971334009,OCEAN
137,0xbf9a72c0a78f59eefb02652f9de1d28b784de286,0x663052ad99b85a8c35040c4fd1cc87620f4b61f1,5.8205199189351555,OCEAN
137,0xbf9a72c0a78f59eefb02652f9de1d28b784de286,0x8978be1b2082d10ea95533d2897ddab53afb97e9,5.244230818050454,OCEAN
137,0xbf9a72c0a78f59eefb02652f9de1d28b784de286,0x5f148fa6a7fe1f282341c8fc54b781e42b09a518,0.5298298493474487,OCEAN
137,0xbf9a72c0a78f59eefb02652f9de1d28b784de286,0x66de7757e105b1c7602289e37eaf9c8c311f4366,0.004826726955741013,OCEAN
137,0xbf9a72c0a78f59eefb02652f9de1d28b784de286,0x5cdc664bcabe8c55699ce7e0e5b5b52dbff3fc44,1.8441251228309286,OCEAN
137,0xbf9a72c0a78f59eefb02652f9de1d28b784de286,0x8475b523b5fa2db7b77eb5f14edabdefc2102698,10.625214285879107,OCEAN
137,0xbf9a72c0a78f59eefb02652f9de1d28b784de286,0x506d48b2e55073b412f56378b58cb4025411a597,0.6265851515506927,OCEAN
137,0x4dc9ec7421f1c972d93ab728e4c935341ea6ea57,0x663052ad99b85a8c35040c4fd1cc87620f4b61f1,156.77907099819785,OCEAN
137,0x4dc9ec7421f1c972d93ab728e4c935341ea6ea57,0x8978be1b2082d10ea95533d2897ddab53afb97e9,141.25639070134568,OCEAN
137,0x4dc9ec7421f1c972d93ab728e4c935341ea6ea57,0x5cdc664bcabe8c55699ce7e0e5b5b52dbff3fc44,49.67257694992375,OCEAN
137,0x4dc9ec7421f1c972d93ab728e4c935341ea6ea57,0x8475b523b5fa2db7b77eb5f14edabdefc2102698,286.1962931314323,OCEAN
137,0x4dc9ec7421f1c972d93ab728e4c935341ea6ea57,0x506d48b2e55073b412f56378b58cb4025411a597,16.877433516171944,OCEAN
137,0x009921a6b08dfdf3e57d36569358fdc4db94fe53,0x663052ad99b85a8c35040c4fd1cc87620f4b61f1,4.748401331312505,OCEAN
137,0x009921a6b08dfdf3e57d36569358fdc4db94fe53,0x8978be1b2082d10ea95533d2897ddab53afb97e9,4.278262585637973,OCEAN
137,0x009921a6b08dfdf3e57d36569358fdc4db94fe53,0xcd2e9293bf8887bfb61c30740b728f3ad734c3f5,4.984965042979152,OCEAN
137,0x009921a6b08dfdf3e57d36569358fdc4db94fe53,0x5cdc664bcabe8c55699ce7e0e5b5b52dbff3fc44,1.5044439861584076,OCEAN
137,0x009921a6b08dfdf3e57d36569358fdc4db94fe53,0x8475b523b5fa2db7b77eb5f14edabdefc2102698,8.66808848062136,OCEAN
137,0x009921a6b08dfdf3e57d36569358fdc4db94fe53,0x506d48b2e55073b412f56378b58cb4025411a597,0.5111704468401294,OCEAN
137,0xbbd7af6c625b63d76220507c209d45457e0e1967,0x663052ad99b85a8c35040c4fd1cc87620f4b61f1,156.77907099819785,OCEAN
137,0xbbd7af6c625b63d76220507c209d45457e0e1967,0x8978be1b2082d10ea95533d2897ddab53afb97e9,141.25639070134568,OCEAN
137,0xbbd7af6c625b63d76220507c209d45457e0e1967,0x5cdc664bcabe8c55699ce7e0e5b5b52dbff3fc44,49.67257694992375,OCEAN
137,0xbbd7af6c625b63d76220507c209d45457e0e1967,0x8475b523b5fa2db7b77eb5f14edabdefc2102698,286.1962931314323,OCEAN
137,0x36c3ce02db47a6bf0572066366da44f32df6303f,0x663052ad99b85a8c35040c4fd1cc87620f4b61f1,156.77907099819785,OCEAN
137,0x36c3ce02db47a6bf0572066366da44f32df6303f,0x8978be1b2082d10ea95533d2897ddab53afb97e9,141.25639070134568,OCEAN
137,0x36c3ce02db47a6bf0572066366da44f32df6303f,0x5cdc664bcabe8c55699ce7e0e5b5b52dbff3fc44,49.67257694992375,OCEAN
137,0x36c3ce02db47a6bf0572066366da44f32df6303f,0x8475b523b5fa2db7b77eb5f14edabdefc2102698,286.1962931314323,OCEAN
137,0x36c3ce02db47a6bf0572066366da44f32df6303f,0xa52a459738892e1a712f4837410520d522e5c624,14.917424315866013,OCEAN
137,0xab0b28f849e5b06b5fcc5c1229adaca1a4a11991,0x2daff7abac41093aa500cc09610243a2ed4199c5,0.017635573607515075,OCEAN
137,0xab0b28f849e5b06b5fcc5c1229adaca1a4a11991,0x4f20e69e7ba5ab2fb2ae25a1d17c93fe5307faa9,0.044102756076359315,OCEAN
137,0xdca1787dc303121d57da2f5298e1506c0a51aa24,0xc7853af79ab9b05ba93789370d9f33defabf728a,0.021028869812169424,OCEAN
137,0xdca1787dc303121d57da2f5298e1506c0a51aa24,0xd2d083b45743579474988c92540f1786f60414e4,0.0009116879590813737,OCEAN
137,0xdca1787dc303121d57da2f5298e1506c0a51aa24,0xc76357b8a519e617e3fd76494c9e8538930d6078,0.01355718734969178,OCEAN
137,0xdca1787dc303121d57da2f5298e1506c0a51aa24,0x471bdd1391e89694b8708a3e72678058a19bf03c,0.026240584562931817,OCEAN
137,0x8e519d29c4bb82f7f7722525c12293a64f35da2a,0x476d85ffa660a49a6ba54fdca4cebc735865e50f,0.01655711506336923,OCEAN
137,0x8e519d29c4bb82f7f7722525c12293a64f35da2a,0x27f476724960e15aa405ce5a0d43c272a1faea0e,0.04746880944020309,OCEAN
137,0x8e519d29c4bb82f7f7722525c12293a64f35da2a,0x0cf776d57e0223f47ed3a101927bb78d41ad8a13,2.4405499190719926,OCEAN
137,0x8e519d29c4bb82f7f7722525c12293a64f35da2a,0x4d26f0e78c154f8fda7acf6646246fa135507017,1.0259066501278713,OCEAN
137,0x8e519d29c4bb82f7f7722525c12293a64f35da2a,0x8e0d1207e312a1761319825882209f0c737f24fc,2.474110992647838,OCEAN
137,0x8e519d29c4bb82f7f7722525c12293a64f35da2a,0x8475b523b5fa2db7b77eb5f14edabdefc2102698,18.69073838719825,OCEAN
137,0x08964881e0ede0c53c0d92eda37adb7515950f7b,0x476d85ffa660a49a6ba54fdca4cebc735865e50f,0.01839740966642601,OCEAN
137,0x08964881e0ede0c53c0d92eda37adb7515950f7b,0xc5bf01b2b657823075204379743a7dff6e914da1,8.088832754927319,OCEAN
137,0x08964881e0ede0c53c0d92eda37adb7515950f7b,0x31386e4b622ad37db10246e32932dbf03b175354,1.026829405074335,OCEAN
137,0x08964881e0ede0c53c0d92eda37adb7515950f7b,0xc84f2a72b6dbce73ef285d80b60f1b285e88196f,3.027854640486297,OCEAN
137,0x08964881e0ede0c53c0d92eda37adb7515950f7b,0x4d26f0e78c154f8fda7acf6646246fa135507017,1.1399343937441073,OCEAN
137,0x08964881e0ede0c53c0d92eda37adb7515950f7b,0x3014143d92cd8b63025e956aa26ee7a2e50a89be,0.07052435354967033,OCEAN
137,0x08964881e0ede0c53c0d92eda37adb7515950f7b,0x3c1fbe83ef0f5b04be5fc54edac2bec2c25dc07c,0.10176340117757211,OCEAN
137,0x08964881e0ede0c53c0d92eda37adb7515950f7b,0x21d415eac10b29f89ac04d453f1a9390ad5eb8d7,0.6965474769539154,OCEAN
137,0x08964881e0ede0c53c0d92eda37adb7515950f7b,0x8475b523b5fa2db7b77eb5f14edabdefc2102698,10.431506699352335,OCEAN
137,0x08964881e0ede0c53c0d92eda37adb7515950f7b,0x47e3190c58a5fc807bca1db7ac8582d8f1d5e6da,0.09314133861754689,OCEAN
137,0xa2aaa4686961e121a9363ff6612171606c0f2e1e,0x02aa319b5ce28294b7207bdce3bbcf4bf514c05b,0.013466671044593384,OCEAN
137,0xa2aaa4686961e121a9363ff6612171606c0f2e1e,0x504ec475d27abca384a384b4bf7377ff2be601da,0.5868370816349449,OCEAN
137,0xa2aaa4686961e121a9363ff6612171606c0f2e1e,0x801e20df4374dba7ab173f17ce0cf1e67d6ad132,0.19673771681080693,OCEAN
137,0xa2aaa4686961e121a9363ff6612171606c0f2e1e,0xdf2ce0ebe21772e0dfbec85a4cbefee5fb3bb968,0.09308277429715395,OCEAN
137,0xa2aaa4686961e121a9363ff6612171606c0f2e1e,0x8e0d1207e312a1761319825882209f0c737f24fc,2.340259479951104,OCEAN
137,0xa2aaa4686961e121a9363ff6612171606c0f2e1e,0x8475b523b5fa2db7b77eb5f14edabdefc2102698,17.679553515549486,OCEAN
137,0xa2aaa4686961e121a9363ff6612171606c0f2e1e,0x0be1b7f1a2eacde1cf5b48a4a1034c70dac06a70,1.8781054695735848,OCEAN
137,0xa2aaa4686961e121a9363ff6612171606c0f2e1e,0xc0ad4c05df5ce58ba4204109a473dfe2a9d595af,1.293446389898002,OCEAN
137,0xa2aaa4686961e121a9363ff6612171606c0f2e1e,0x0ed8063fcc5b44f664333b59a12d187de6551088,0.031902455698762024,OCEAN
137,0xa2aaa4686961e121a9363ff6612171606c0f2e1e,0x2196b9fe1117df9324108d82dffc849492c23c14,0.04418916298546454,OCEAN
137,0xa2aaa4686961e121a9363ff6612171606c0f2e1e,0x4ac8e3fd41c06499fc63427ec3ae9d86d46d9d71,0.5377511561056236,OCEAN
137,0xcefc5e02f45d7485820aca85f96e2c5e54a82866,0x8978be1b2082d10ea95533d2897ddab53afb97e9,141.25639070134568,OCEAN
137,0xcefc5e02f45d7485820aca85f96e2c5e54a82866,0x5f148fa6a7fe1f282341c8fc54b781e42b09a518,80.32688216746081,OCEAN
137,0xcefc5e02f45d7485820aca85f96e2c5e54a82866,0xcd2e9293bf8887bfb61c30740b728f3ad734c3f5,164.58975007926256,OCEAN
137,0xcefc5e02f45d7485820aca85f96e2c5e54a82866,0x5cdc664bcabe8c55699ce7e0e5b5b52dbff3fc44,49.67257694992375,OCEAN
137,0xcefc5e02f45d7485820aca85f96e2c5e54a82866,0x8475b523b5fa2db7b77eb5f14edabdefc2102698,286.1962931314323,OCEAN
137,0xdf51e952b1c26f21a0be3976a230060f2e58299a,0x8978be1b2082d10ea95533d2897ddab53afb97e9,5.921082763153842,OCEAN
137,0xdf51e952b1c26f21a0be3976a230060f2e58299a,0x5f148fa6a7fe1f282341c8fc54b781e42b09a518,3.9880858251287763,OCEAN
137,0xdf51e952b1c26f21a0be3976a230060f2e58299a,0x5cdc664bcabe8c55699ce7e0e5b5b52dbff3fc44,2.0821389936365153,OCEAN
137,0xdf51e952b1c26f21a0be3976a230060f2e58299a,0x8475b523b5fa2db7b77eb5f14edabdefc2102698,11.996568294894884,OCEAN
137,0xdf51e952b1c26f21a0be3976a230060f2e58299a,0x506d48b2e55073b412f56378b58cb4025411a597,0.7074559967355064,OCEAN
137,0xe5de1e183f6cfb2991e1c89918011552d2db16d2,0x8978be1b2082d10ea95533d2897ddab53afb97e9,97.53133934008571,OCEAN
137,0xe5de1e183f6cfb2991e1c89918011552d2db16d2,0x5f148fa6a7fe1f282341c8fc54b781e42b09a518,65.69125403017347,OCEAN
137,0xe5de1e183f6cfb2991e1c89918011552d2db16d2,0x5cdc664bcabe8c55699ce7e0e5b5b52dbff3fc44,34.29673471299717,OCEAN
137,0xe5de1e183f6cfb2991e1c89918011552d2db16d2,0x8475b523b5fa2db7b77eb5f14edabdefc2102698,197.60598189353607,OCEAN
137,0xcc16ab9d26732bdbee979871cf5bb5aa08575053,0x8978be1b2082d10ea95533d2897ddab53afb97e9,5.001360866603873,OCEAN
137,0xcc16ab9d26732bdbee979871cf5bb5aa08575053,0xc3fa54ee9eb7e4e5c746088b86df940b9352bfd6,1.3685089393306793,OCEAN
137,0xcc16ab9d26732bdbee979871cf5bb5aa08575053,0xcd2e9293bf8887bfb61c30740b728f3ad734c3f5,5.827507916657349,OCEAN
137,0xcc16ab9d26732bdbee979871cf5bb5aa08575053,0x5cdc664bcabe8c55699ce7e0e5b5b52dbff3fc44,1.758720304739823,OCEAN
137,0xcc16ab9d26732bdbee979871cf5bb5aa08575053,0x747c5d350ef744350ceac4fb9bda16d76c3ec550,0.008525885854440262,OCEAN
137,0xcc16ab9d26732bdbee979871cf5bb5aa08575053,0x8475b523b5fa2db7b77eb5f14edabdefc2102698,10.133141116857097,OCEAN
137,0xcc16ab9d26732bdbee979871cf5bb5aa08575053,0x506d48b2e55073b412f56378b58cb4025411a597,0.5975668435062657,OCEAN
137,0x8e70c9d2ec13568e48cf4707a9f5714d7e9d7b62,0x504ec475d27abca384a384b4bf7377ff2be601da,0.3417924828912864,OCEAN
137,0x8e70c9d2ec13568e48cf4707a9f5714d7e9d7b62,0x0a8162d91d6bf4530950e539068c75f7ddf972bc,0.06762742716736489,OCEAN
137,0x8e70c9d2ec13568e48cf4707a9f5714d7e9d7b62,0x57e837b0a98290da2a341341f5c5ff32ef548c25,0.30628536666041734,OCEAN
137,0x8e70c9d2ec13568e48cf4707a9f5714d7e9d7b62,0x855f3eebdf389643bc435e8acfb91a0f8569fce0,1.3214368377561088,OCEAN
137,0x8e70c9d2ec13568e48cf4707a9f5714d7e9d7b62,0xf2f98a98b87beeea252a924eac36b23422efb5fb,11.695957085182117,OCEAN
137,0x8e70c9d2ec13568e48cf4707a9f5714d7e9d7b62,0x8475b523b5fa2db7b77eb5f14edabdefc2102698,10.297131319060117,OCEAN
137,0x8e70c9d2ec13568e48cf4707a9f5714d7e9d7b62,0x8141665f038e82610b66e217a05dd200d601a642,0.09282577576633762,OCEAN
137,0x8e70c9d2ec13568e48cf4707a9f5714d7e9d7b62,0xfa113845230f524650cbcf238b14202921c2f154,0.32243815177448343,OCEAN
137,0x8e70c9d2ec13568e48cf4707a9f5714d7e9d7b62,0x054efb6d55466ba2ffb4133f39ae67985a314bed,0.1351252203938716,OCEAN
137,0x8e70c9d2ec13568e48cf4707a9f5714d7e9d7b62,0x20d6ad3a7e0b402320fdb57bc5aae2d67dc9bad7,0.010164719683207257,OCEAN
137,0x8e70c9d2ec13568e48cf4707a9f5714d7e9d7b62,0x48031c691c4bbe6f58102a37dafd2e3e725d7db8,0.07881032062001632,OCEAN
137,0x8e70c9d2ec13568e48cf4707a9f5714d7e9d7b62,0x2196b9fe1117df9324108d82dffc849492c23c14,0.025737166594194776,OCEAN
137,0xb798449bbe0c7853913a042242dcdee37bf54ab1,0x504ec475d27abca384a384b4bf7377ff2be601da,0.6039881603526803,OCEAN
137,0xb798449bbe0c7853913a042242dcdee37bf54ab1,0x801e20df4374dba7ab173f17ce0cf1e67d6ad132,0.40497526610789414,OCEAN
137,0xb798449bbe0c7853913a042242dcdee37bf54ab1,0xb97df16ec07523508cefeeebe574fec85e8ffafe,0.005533143749923205,OCEAN
137,0xb798449bbe0c7853913a042242dcdee37bf54ab1,0x872976a07b1dcc1828b00d514262f3a076eadf91,0.13612542325501942,OCEAN
137,0xb798449bbe0c7853913a042242dcdee37bf54ab1,0xac1ef6882e050de9b97071e0cb4fa6f734a3b139,0.023889608219175563,OCEAN
137,0xb798449bbe0c7853913a042242dcdee37bf54ab1,0xdf2ce0ebe21772e0dfbec85a4cbefee5fb3bb968,0.19160647943933182,OCEAN
137,0xb798449bbe0c7853913a042242dcdee37bf54ab1,0x06a2006ca85813e652506b865e590f44eae3928a,0.05967518030149573,OCEAN
137,0xb798449bbe0c7853913a042242dcdee37bf54ab1,0xc4b74ae89ef93e683fb4afba8e118d730313d45a,1.7071760095217807,OCEAN
137,0xb798449bbe0c7853913a042242dcdee37bf54ab1,0x8475b523b5fa2db7b77eb5f14edabdefc2102698,18.1962615142922,OCEAN
137,0xb798449bbe0c7853913a042242dcdee37bf54ab1,0x0be1b7f1a2eacde1cf5b48a4a1034c70dac06a70,1.9329955502397962,OCEAN
137,0xb798449bbe0c7853913a042242dcdee37bf54ab1,0x47ecf8ea9604716d2be18819500ed2867a5426c0,1.1965080234376557,OCEAN
137,0xb798449bbe0c7853913a042242dcdee37bf54ab1,0x5b520e99129194105c465230d3cb6c9e4b172147,0.1911168657534045,OCEAN
137,0xb798449bbe0c7853913a042242dcdee37bf54ab1,0x2196b9fe1117df9324108d82dffc849492c23c14,0.04548064887916955,OCEAN
137,0x0ae3438bce7d108256ee82de2b03e200d5f971e1,0xc5bf01b2b657823075204379743a7dff6e914da1,221.92325777483728,OCEAN
137,0x0ae3438bce7d108256ee82de2b03e200d5f971e1,0xc76357b8a519e617e3fd76494c9e8538930d6078,1.2930287262618927,OCEAN
137,0x0ae3438bce7d108256ee82de2b03e200d5f971e1,0x64b0012681110fc8aa09f9e0eb29f64ec3010594,121.73662022805574,OCEAN
137,0x0ae3438bce7d108256ee82de2b03e200d5f971e1,0x8475b523b5fa2db7b77eb5f14edabdefc2102698,286.1962931314323,OCEAN
137,0x0ae3438bce7d108256ee82de2b03e200d5f971e1,0xb8cd8c2e524a47cf3e149fdda0a1519d1dee5def,7.308933036577257,OCEAN
137,0xd157319ebdcefd8e480e00791d351e60aa5c7a19,0x20af0e0257312368ba0114e4c85389e158a07055,1.7959395852251957e-06,OCEAN
137,0xd157319ebdcefd8e480e00791d351e60aa5c7a19,0x175437b00da09f18d89571b95a41a15aa8415eba,0.00048502343441352366,OCEAN
137,0xd157319ebdcefd8e480e00791d351e60aa5c7a19,0xc76357b8a519e617e3fd76494c9e8538930d6078,7.932094354836662e-06,OCEAN
137,0xd157319ebdcefd8e480e00791d351e60aa5c7a19,0x471bdd1391e89694b8708a3e72678058a19bf03c,1.3546718841308332e-05,OCEAN
137,0xfee5e77b079f2953c82deca71a6e8d792338c122,0x5f148fa6a7fe1f282341c8fc54b781e42b09a518,95.14182321019048,OCEAN
137,0xfee5e77b079f2953c82deca71a6e8d792338c122,0x64b0012681110fc8aa09f9e0eb29f64ec3010594,121.73662022805574,OCEAN
137,0xfee5e77b079f2953c82deca71a6e8d792338c122,0x8475b523b5fa2db7b77eb5f14edabdefc2102698,286.1962931314323,OCEAN
137,0xada1e665f3e4f2c0e72475d9fb6d7b6d73427773,0x5f148fa6a7fe1f282341c8fc54b781e42b09a518,80.32688216746081,OCEAN
137,0xada1e665f3e4f2c0e72475d9fb6d7b6d73427773,0x8475b523b5fa2db7b77eb5f14edabdefc2102698,286.1962931314323,OCEAN
137,0xe93c1922c16a4ee2ffad0f9296cfcb8f806e8c7e,0x5f148fa6a7fe1f282341c8fc54b781e42b09a518,93.09911561524741,OCEAN
137,0xe93c1922c16a4ee2ffad0f9296cfcb8f806e8c7e,0x5cdc664bcabe8c55699ce7e0e5b5b52dbff3fc44,42.530337603292764,OCEAN
137,0xe93c1922c16a4ee2ffad0f9296cfcb8f806e8c7e,0x8475b523b5fa2db7b77eb5f14edabdefc2102698,245.04516808060302,OCEAN
137,0xe93c1922c16a4ee2ffad0f9296cfcb8f806e8c7e,0x506d48b2e55073b412f56378b58cb4025411a597,14.45068867764919,OCEAN
137,0xeb4e9893bacfb7442e81d7f1066bf97c79c8558b,0x5f148fa6a7fe1f282341c8fc54b781e42b09a518,54.37524306060607,OCEAN
137,0xeb4e9893bacfb7442e81d7f1066bf97c79c8558b,0x5cdc664bcabe8c55699ce7e0e5b5b52dbff3fc44,28.388760630871193,OCEAN
137,0xeb4e9893bacfb7442e81d7f1066bf97c79c8558b,0x64b0012681110fc8aa09f9e0eb29f64ec3010594,139.14928452975508,OCEAN
137,0xeb4e9893bacfb7442e81d7f1066bf97c79c8558b,0x8475b523b5fa2db7b77eb5f14edabdefc2102698,163.56626851354343,OCEAN
137,0xeb4e9893bacfb7442e81d7f1066bf97c79c8558b,0x506d48b2e55073b412f56378b58cb4025411a597,9.64575324201664,OCEAN
137,0x5d5d0607a49a613d219f5196123eb4b060120f38,0x5f148fa6a7fe1f282341c8fc54b781e42b09a518,2.3076514327030244,OCEAN
137,0x5d5d0607a49a613d219f5196123eb4b060120f38,0x855f3eebdf389643bc435e8acfb91a0f8569fce0,4.555917655583125,OCEAN
137,0x5d5d0607a49a613d219f5196123eb4b060120f38,0x8475b523b5fa2db7b77eb5f14edabdefc2102698,17.831762785263376,OCEAN
137,0xf507ab2efb3f3fa4c82e63320b4334039814c12f,0xcd2e9293bf8887bfb61c30740b728f3ad734c3f5,5.715635830607979,OCEAN
137,0xf507ab2efb3f3fa4c82e63320b4334039814c12f,0x64b0012681110fc8aa09f9e0eb29f64ec3010594,8.454988091755524,OCEAN
137,0xf507ab2efb3f3fa4c82e63320b4334039814c12f,0x8475b523b5fa2db7b77eb5f14edabdefc2102698,9.938612743633419,OCEAN
137,0xf507ab2efb3f3fa4c82e63320b4334039814c12f,0x506d48b2e55073b412f56378b58cb4025411a597,0.5860952075526025,OCEAN
137,0xd8dd820b0104a5585560151012ee1fcd43fcf68b,0x4599225b77519a74a87b8bdbb8ad5909c3864027,128.23582161617702,OCEAN
137,0xd8dd820b0104a5585560151012ee1fcd43fcf68b,0xcf8a4b99640defaf99acae9d770dec9dff37927d,859.2021373291647,OCEAN
137,0xc90b1fa472f9dfdcebb09d68106fd9c0ce94dd7c,0x4599225b77519a74a87b8bdbb8ad5909c3864027,128.23582161617702,OCEAN
137,0xc90b1fa472f9dfdcebb09d68106fd9c0ce94dd7c,0xcf8a4b99640defaf99acae9d770dec9dff37927d,859.2021373291647,OCEAN
137,0xf99769fc5d7e04b601f897d1868b17d9f3524f2d,0x4599225b77519a74a87b8bdbb8ad5909c3864027,128.23582161617702,OCEAN
137,0xf99769fc5d7e04b601f897d1868b17d9f3524f2d,0xcf8a4b99640defaf99acae9d770dec9dff37927d,859.2021373291647,OCEAN
137,0x6b936cb6612e3d0e3c7a09f6a3eca98f2221917b,0x4599225b77519a74a87b8bdbb8ad5909c3864027,128.23582161617702,OCEAN
137,0x6b936cb6612e3d0e3c7a09f6a3eca98f2221917b,0xcf8a4b99640defaf99acae9d770dec9dff37927d,859.2021373291647,OCEAN
137,0xb2365552759bcde778d374950f14d244980b0145,0xc76357b8a519e617e3fd76494c9e8538930d6078,1.2930287262618927,OCEAN
137,0xb2365552759bcde778d374950f14d244980b0145,0x28f39db34bd36ba5dc9009015f67a57f90748422,2.1930746597252964,OCEAN
137,0xb2365552759bcde778d374950f14d244980b0145,0xb8cd8c2e524a47cf3e149fdda0a1519d1dee5def,7.308933036577257,OCEAN
