chainID,nft_addr,LP_addr,amt,token
137,0x21457717da4d370ea16a8eaa3cb46ba2f9797ab4,0x9b5ff12337065596487ae9d35745cc66bf76d23c,0.445710031833655,OCEAN
137,0x21457717da4d370ea16a8eaa3cb46ba2f9797ab4,0xd13294fa603d9243fb9aeff338a5639ee1bd6599,1.1913588256754746,OCEAN
137,0x21457717da4d370ea16a8eaa3cb46ba2f9797ab4,0xfaaeb84475546c25fd711917ff8400cf8a9e65d2,0.8725163913538572,OCEAN
137,0x21457717da4d370ea16a8eaa3cb46ba2f9797ab4,0xcfd1d657f820404fedb594e5b0981a1b03dd6bef,0.33647862018747127,OCEAN
137,0x21457717da4d370ea16a8eaa3cb46ba2f9797ab4,0xc4bf9db0b6389f002fbeacd6b8c9272ced024610,0.00622383845346388,OCEAN
137,0x21457717da4d370ea16a8eaa3cb46ba2f9797ab4,0x94f6f9ab0771f190c6b43706c01eb81f90f566d4,0.23256238756779082,OCEAN
137,0x21457717da4d370ea16a8eaa3cb46ba2f9797ab4,0xb2b59d0fc3283b33091aa11fc0ba08927c7e2bf9,0.11590534962943112,OCEAN
137,0x21457717da4d370ea16a8eaa3cb46ba2f9797ab4,0x3bd59ed16c462b4464091830dab828dce079076f,0.00014326316493352875,OCEAN
137,0x21457717da4d370ea16a8eaa3cb46ba2f9797ab4,0xdfe75198b548b8bf2295ccbae6fdf10a3d2798a7,0.0007184181358030423,OCEAN
137,0x21457717da4d370ea16a8eaa3cb46ba2f9797ab4,0xc11e23434bcfe131c44adfbe1b1a973a7405418c,0.09627776240779846,OCEAN
137,0x21457717da4d370ea16a8eaa3cb46ba2f9797ab4,0x1f3bcd409b2b2d88259aca77115e858ea3c65e9c,0.005099617658022883,OCEAN
137,0x21457717da4d370ea16a8eaa3cb46ba2f9797ab4,0x867e0983c2574aac1b88d831ec7d92265a4373a3,3.736029505113875e-05,OCEAN
137,0x21457717da4d370ea16a8eaa3cb46ba2f9797ab4,0xa78b390f3446d57cbfa705793bfc8b1c264d73a5,0.018637452364678012,OCEAN
137,0x21457717da4d370ea16a8eaa3cb46ba2f9797ab4,0x8475b523b5fa2db7b77eb5f14edabdefc2102698,1.2086815079838156,OCEAN
137,0x21457717da4d370ea16a8eaa3cb46ba2f9797ab4,0x1694ab8e597e90fcb4cd637bafa3e553fc1d0083,0.0010893067747813213,OCEAN
137,0x21457717da4d370ea16a8eaa3cb46ba2f9797ab4,0x8ada0bdc001a06150eff088b7ad718348a5e53c2,0.0038903627815783147,OCEAN
137,0x21457717da4d370ea16a8eaa3cb46ba2f9797ab4,0x4f20e69e7ba5ab2fb2ae25a1d17c93fe5307faa9,0.026957456378504482,OCEAN
137,0x21457717da4d370ea16a8eaa3cb46ba2f9797ab4,0x8915e50c8691eb9263f922e8e254510c2e5c74c2,0.1402041634893817,OCEAN
137,0x21457717da4d370ea16a8eaa3cb46ba2f9797ab4,0xe0dc24a3d7478eb840dc63baa20fcb06cdb123be,2.167534074958193,OCEAN
137,0x21457717da4d370ea16a8eaa3cb46ba2f9797ab4,0xbe96689bcd54811dfda821c972863267b6606607,0.0006853250601505333,OCEAN
137,0x21457717da4d370ea16a8eaa3cb46ba2f9797ab4,0x1fac06467b7d9c3a9361f42ab7bd09e6a5719ec7,1.7442817233447692,OCEAN
137,0x21457717da4d370ea16a8eaa3cb46ba2f9797ab4,0x46f69ffdb3eab2b9d108d2d81dca7c2ca018c91c,0.01436459911420658,OCEAN
137,0x21457717da4d370ea16a8eaa3cb46ba2f9797ab4,0x33311d0ac7fc6d76f9858f708a2a1261d98c3303,0.0015402569043425755,OCEAN
137,0x21457717da4d370ea16a8eaa3cb46ba2f9797ab4,0xc4c1a4cf7abdd8448fcb751f2cef65962e49d193,0.003544942463100078,OCEAN
137,0x21457717da4d370ea16a8eaa3cb46ba2f9797ab4,0x45bb1b43d178628a436d447e08e3cc044c737534,0.04008378035396926,OCEAN
137,0x21457717da4d370ea16a8eaa3cb46ba2f9797ab4,0xb2c05cc06f3de252fd515f5f1cc5fa184d8cf728,0.15980779510901535,OCEAN
137,0x21457717da4d370ea16a8eaa3cb46ba2f9797ab4,0x90f78aeafd07e6e9addc9590c9edecf408a880a0,0.0058266923046338065,OCEAN
137,0x21457717da4d370ea16a8eaa3cb46ba2f9797ab4,0x4e779926cf83b9d2d6f206b1a77fe52b3a391b45,0.0037146559708651316,OCEAN
137,0x21457717da4d370ea16a8eaa3cb46ba2f9797ab4,0x6b2c4844605453f2494acbd66a511dc1d4eb6701,0.00011870018060015476,OCEAN
137,0x21457717da4d370ea16a8eaa3cb46ba2f9797ab4,0xc3fa54ee9eb7e4e5c746088b86df940b9352bfd6,0.042484674266094855,OCEAN
137,0x21457717da4d370ea16a8eaa3cb46ba2f9797ab4,0xd1c9ff4da178024dbea13d3a23cb1988a2b96058,0.0009199464748229941,OCEAN
137,0x21457717da4d370ea16a8eaa3cb46ba2f9797ab4,0xd8a7b5f1bf69b66a1ba464af5c6adba17c120eec,0.07930614145251898,OCEAN
137,0x21457717da4d370ea16a8eaa3cb46ba2f9797ab4,0x64b0012681110fc8aa09f9e0eb29f64ec3010594,0.5596304664738126,OCEAN
137,0x21457717da4d370ea16a8eaa3cb46ba2f9797ab4,0x7c28328f90a74fb83d463d359a2aec0d6a3512ee,0.1339490770463028,OCEAN
137,0x21457717da4d370ea16a8eaa3cb46ba2f9797ab4,0x02ae6dfaffc2c1f410fcad1f36885f6cc8b677d5,0.0032188356794109513,OCEAN
137,0x21457717da4d370ea16a8eaa3cb46ba2f9797ab4,0xcbe01d855ebc3c06383c3752dce518625d695b4c,0.1782072066007158,OCEAN
137,0x21457717da4d370ea16a8eaa3cb46ba2f9797ab4,0xdbf569b55c210d3062fe5d15575d854dd9b330eb,0.13390340977003837,OCEAN
137,0x21457717da4d370ea16a8eaa3cb46ba2f9797ab4,0xf48c8f6b16754e3c15c055934a1b3b53c3176e9d,0.029898965029973374,OCEAN
137,0x21457717da4d370ea16a8eaa3cb46ba2f9797ab4,0x44091f0b9619cf836e0f03a49f8c959e2993bd20,0.008858206094347053,OCEAN
137,0x21457717da4d370ea16a8eaa3cb46ba2f9797ab4,0x406f9cebad0f873e89cfaa75b2b49286f02f360a,0.0006600028038594832,OCEAN
137,0x21457717da4d370ea16a8eaa3cb46ba2f9797ab4,0x4ab8e275379d57520f09af5b55e650911d3ab81e,0.9696390964022426,OCEAN
137,0x21457717da4d370ea16a8eaa3cb46ba2f9797ab4,0x90eb6f23617dcdd76c8ba65de7293dc847ffc534,0.010194419946312686,OCEAN
137,0x635a7541459b8a320a08cb2f954aa2dcf858fec8,0x1e2394b6b88f9329127d98347f6e696e4af33e13,0.2675543310930537,OCEAN
137,0x635a7541459b8a320a08cb2f954aa2dcf858fec8,0x69e0e2b3d523d3b247d798a49c3fa022a46dd6bd,602.2894242766527,OCEAN
137,0x635a7541459b8a320a08cb2f954aa2dcf858fec8,0xc4bf9db0b6389f002fbeacd6b8c9272ced024610,5.054618775281573,OCEAN
137,0x635a7541459b8a320a08cb2f954aa2dcf858fec8,0xcf8a4b99640defaf99acae9d770dec9dff37927d,4325.000229803591,OCEAN
137,0x635a7541459b8a320a08cb2f954aa2dcf858fec8,0x3bd59ed16c462b4464091830dab828dce079076f,0.07479612688540287,OCEAN
137,0x635a7541459b8a320a08cb2f954aa2dcf858fec8,0x53a1f52e5c6edb497181da76e2cd67da619dfaa4,80.57479737160088,OCEAN
137,0x635a7541459b8a320a08cb2f954aa2dcf858fec8,0x7328eada6ff1e0974309f7d8f062101ce25c36bc,1905.8367511662582,OCEAN
137,0x635a7541459b8a320a08cb2f954aa2dcf858fec8,0x38c63cf2ea1341327a668809be68827073aa72ac,11.237813153301262,OCEAN
137,0x635a7541459b8a320a08cb2f954aa2dcf858fec8,0x904d5d363a821ae8cde75802fcaac65ae4758857,8.49000106345051,OCEAN
137,0x635a7541459b8a320a08cb2f954aa2dcf858fec8,0x5c167ddca47bb41a4511bd847962d8e849bc7bf6,10.041544711614542,OCEAN
137,0x635a7541459b8a320a08cb2f954aa2dcf858fec8,0x867e0983c2574aac1b88d831ec7d92265a4373a3,0.013003600148103256,OCEAN
137,0x635a7541459b8a320a08cb2f954aa2dcf858fec8,0x8475b523b5fa2db7b77eb5f14edabdefc2102698,7481.489092457663,OCEAN
137,0x635a7541459b8a320a08cb2f954aa2dcf858fec8,0x1694ab8e597e90fcb4cd637bafa3e553fc1d0083,0.379143411969508,OCEAN
137,0x635a7541459b8a320a08cb2f954aa2dcf858fec8,0x8978be1b2082d10ea95533d2897ddab53afb97e9,3914.1734650219832,OCEAN
137,0x635a7541459b8a320a08cb2f954aa2dcf858fec8,0x5cdc664bcabe8c55699ce7e0e5b5b52dbff3fc44,2230.5821518766516,OCEAN
137,0x635a7541459b8a320a08cb2f954aa2dcf858fec8,0x0e0bab764f38d63abf08680a50b33718c98b90e6,113.04712951857668,OCEAN
137,0x635a7541459b8a320a08cb2f954aa2dcf858fec8,0x8ada0bdc001a06150eff088b7ad718348a5e53c2,5.416308621060016,OCEAN
137,0x635a7541459b8a320a08cb2f954aa2dcf858fec8,0x4ac8e3fd41c06499fc63427ec3ae9d86d46d9d71,54.7125965826365,OCEAN
137,0x635a7541459b8a320a08cb2f954aa2dcf858fec8,0x4599225b77519a74a87b8bdbb8ad5909c3864027,582.3405785417315,OCEAN
137,0x635a7541459b8a320a08cb2f954aa2dcf858fec8,0xd4ceeea4c2c193f6e482512025bbb64e4ecbc1ef,6.732973885507496,OCEAN
137,0x635a7541459b8a320a08cb2f954aa2dcf858fec8,0x8915e50c8691eb9263f922e8e254510c2e5c74c2,48.79937052476909,OCEAN
137,0x635a7541459b8a320a08cb2f954aa2dcf858fec8,0x3c50843f99e1ba286939d69234bc8f3747d2066d,0.010462702394733545,OCEAN
137,0x635a7541459b8a320a08cb2f954aa2dcf858fec8,0x33b85a77025cd4ba00b4b8ad937f4c222496671b,40.336005711198496,OCEAN
137,0x635a7541459b8a320a08cb2f954aa2dcf858fec8,0x001b71fad769b3cd47fd4c9849c704fdfabf6096,36.25138352059361,OCEAN
137,0x635a7541459b8a320a08cb2f954aa2dcf858fec8,0x2196b9fe1117df9324108d82dffc849492c23c14,88.59546938512898,OCEAN
137,0x635a7541459b8a320a08cb2f954aa2dcf858fec8,0xc4c1a4cf7abdd8448fcb751f2cef65962e49d193,1.8507755737108658,OCEAN
137,0x635a7541459b8a320a08cb2f954aa2dcf858fec8,0x45bb1b43d178628a436d447e08e3cc044c737534,13.951534682313106,OCEAN
137,0x635a7541459b8a320a08cb2f954aa2dcf858fec8,0x28f39db34bd36ba5dc9009015f67a57f90748422,92.7476234847325,OCEAN
137,0x635a7541459b8a320a08cb2f954aa2dcf858fec8,0xe3a95077191f4a877b1fdd53866eea3a49d249d1,4.952510115992716,OCEAN
137,0x635a7541459b8a320a08cb2f954aa2dcf858fec8,0x89df4da80b46ab143c5aee3ab8fa4176a1822251,220.5836372028817,OCEAN
137,0x635a7541459b8a320a08cb2f954aa2dcf858fec8,0xce74a5886ea7a8a675d8fb5fc11a697a23fe1dc8,1329.194031997639,OCEAN
137,0x635a7541459b8a320a08cb2f954aa2dcf858fec8,0x5d2b315c465e133a346c960f46f5aa1ed88a3179,88.13483978734222,OCEAN
137,0x635a7541459b8a320a08cb2f954aa2dcf858fec8,0x5b520e99129194105c465230d3cb6c9e4b172147,263.24377882477125,OCEAN
137,0x635a7541459b8a320a08cb2f954aa2dcf858fec8,0x9281eb73034527ab4ff84fbc70353bc7d84fe62a,0.1721674863985391,OCEAN
137,0x635a7541459b8a320a08cb2f954aa2dcf858fec8,0x4e779926cf83b9d2d6f206b1a77fe52b3a391b45,3.8787622688827357,OCEAN
137,0x635a7541459b8a320a08cb2f954aa2dcf858fec8,0x6b2c4844605453f2494acbd66a511dc1d4eb6701,0.0826294162783925,OCEAN
137,0x635a7541459b8a320a08cb2f954aa2dcf858fec8,0xc76357b8a519e617e3fd76494c9e8538930d6078,7.84720380719893,OCEAN
137,0x635a7541459b8a320a08cb2f954aa2dcf858fec8,0xb1e24789311f14b6270b2b4ed11a768bf9b547ff,2036.557716415505,OCEAN
137,0x635a7541459b8a320a08cb2f954aa2dcf858fec8,0x259ddfa9f95e4c6ad778a3342177aaf85e40ea42,0.5338603464999115,OCEAN
137,0x635a7541459b8a320a08cb2f954aa2dcf858fec8,0x7473a74cb6376e43209eb122f83cbc3ed8de58fe,139.06906948127562,OCEAN
137,0x635a7541459b8a320a08cb2f954aa2dcf858fec8,0xe77dabe931b3b5af38cdf796a9ff9b89bf57c36b,6.7276128417702505,OCEAN
137,0x635a7541459b8a320a08cb2f954aa2dcf858fec8,0x4602f9ed469c6bbdabd7c3708ea01f9d1739941d,124.10376450599384,OCEAN
137,0x635a7541459b8a320a08cb2f954aa2dcf858fec8,0xd8a7b5f1bf69b66a1ba464af5c6adba17c120eec,5.52064886707066,OCEAN
137,0x635a7541459b8a320a08cb2f954aa2dcf858fec8,0xc0ad4c05df5ce58ba4204109a473dfe2a9d595af,32.97019701249871,OCEAN
137,0x635a7541459b8a320a08cb2f954aa2dcf858fec8,0x64b0012681110fc8aa09f9e0eb29f64ec3010594,377.8821597933364,OCEAN
137,0x635a7541459b8a320a08cb2f954aa2dcf858fec8,0x95832c5cf40d9979b84e9ab11d68ba6af2d1ea00,37.18560773423118,OCEAN
137,0x635a7541459b8a320a08cb2f954aa2dcf858fec8,0xf52af95978b51a48f65d9e899333903f000b4a8b,0.5199722406629579,OCEAN
137,0x635a7541459b8a320a08cb2f954aa2dcf858fec8,0x663052ad99b85a8c35040c4fd1cc87620f4b61f1,5362.469180192792,OCEAN
137,0x635a7541459b8a320a08cb2f954aa2dcf858fec8,0xdd9743f6723fc1467d1ea48ba6bdb9a685b83c0b,32.00472079656772,OCEAN
137,0x635a7541459b8a320a08cb2f954aa2dcf858fec8,0x6f970790f9046cfc1942894fb038b0dd7a76c8a9,15.107633686272713,OCEAN
137,0x635a7541459b8a320a08cb2f954aa2dcf858fec8,0x55ce507e0a96e0995ef40db12411c3160b7a9bc2,1.031598634168933,OCEAN
137,0x635a7541459b8a320a08cb2f954aa2dcf858fec8,0xcd2e9293bf8887bfb61c30740b728f3ad734c3f5,754.8164611728769,OCEAN
137,0x635a7541459b8a320a08cb2f954aa2dcf858fec8,0x44091f0b9619cf836e0f03a49f8c959e2993bd20,6.166362975598048,OCEAN
137,0x635a7541459b8a320a08cb2f954aa2dcf858fec8,0x52ed9a39a7819712aac501f21e37e62956d77f7b,2.902106456212865,OCEAN
137,0x635a7541459b8a320a08cb2f954aa2dcf858fec8,0xa4977528c858b91f485ce36cb01aa7a0eef9f3f6,9.818105194985493e-05,OCEAN
137,0x635a7541459b8a320a08cb2f954aa2dcf858fec8,0xa911ccf5f6c7bd5fb25188d41a536890c3c8fae5,439.85856331868797,OCEAN
137,0x635a7541459b8a320a08cb2f954aa2dcf858fec8,0x9548df6469e35f6d1bc0357fb669519c96034f70,0.06111936175972031,OCEAN
137,0x635a7541459b8a320a08cb2f954aa2dcf858fec8,0x1215fed867ad6eb5f078fc8b477a1a32eb59d75d,109.9166601906403,OCEAN
137,0x635a7541459b8a320a08cb2f954aa2dcf858fec8,0x5f148fa6a7fe1f282341c8fc54b781e42b09a518,234.29171200520398,OCEAN
137,0x9723488dc1524849a82917a61a38bbe24a8219c1,0x4112111874dd89d82d50b25d947de2fe937aa80d,0.0012880089978465703,OCEAN
137,0x9723488dc1524849a82917a61a38bbe24a8219c1,0xfefe74202c45c34045ac4a3270a2ce84629109b0,0.015615630473692962,OCEAN
137,0x9723488dc1524849a82917a61a38bbe24a8219c1,0x73f71c902630b72bab8e42a1b92bb75e20be9185,0.0013113343762914125,OCEAN
137,0x9723488dc1524849a82917a61a38bbe24a8219c1,0x034e1f7a66b582b68e511b325ed0ccb71bb4bc12,0.002074912215580672,OCEAN
137,0x9723488dc1524849a82917a61a38bbe24a8219c1,0xbf6dedc1bb233e7e8e8f085227eaa1d611103a68,0.0009862923276308176,OCEAN
137,0x9723488dc1524849a82917a61a38bbe24a8219c1,0xfb34b8450bb7d02986536f76628d39a092916c3d,0.0008054577531914288,OCEAN
137,0x9723488dc1524849a82917a61a38bbe24a8219c1,0xfb7c11485f446f9bc0066a539fc391bfbd9a5759,0.0013453596387981138,OCEAN
137,0x9723488dc1524849a82917a61a38bbe24a8219c1,0x33311d0ac7fc6d76f9858f708a2a1261d98c3303,9.946003623812727e-05,OCEAN
137,0x9723488dc1524849a82917a61a38bbe24a8219c1,0xd8a7b5f1bf69b66a1ba464af5c6adba17c120eec,0.004096870687239187,OCEAN
137,0x9723488dc1524849a82917a61a38bbe24a8219c1,0xf52af95978b51a48f65d9e899333903f000b4a8b,0.00012911841744247957,OCEAN
137,0x9723488dc1524849a82917a61a38bbe24a8219c1,0x406f9cebad0f873e89cfaa75b2b49286f02f360a,4.26188011909276e-05,OCEAN
137,0x9723488dc1524849a82917a61a38bbe24a8219c1,0xc07c6c07b44e5a35105e63294ab799d8baaae502,0.01303262281622467,OCEAN
137,0xe10f6940c84b1bf8477fda04335405841b66cec7,0xcfd1d657f820404fedb594e5b0981a1b03dd6bef,0.27026992045505116,OCEAN
137,0xe10f6940c84b1bf8477fda04335405841b66cec7,0xa765100f3c8cc0656ec29b5c6e0d5519c446c1ca,0.058670651704496035,OCEAN
137,0xe10f6940c84b1bf8477fda04335405841b66cec7,0xc4a02f0734147e191cc8b28dd0ad10c2f27192c0,0.03199526031767345,OCEAN
137,0xe10f6940c84b1bf8477fda04335405841b66cec7,0xc0abec13a844a6cf016323bb6701f22df909c703,0.013314375843447905,OCEAN
137,0xe10f6940c84b1bf8477fda04335405841b66cec7,0x3bd59ed16c462b4464091830dab828dce079076f,0.00022337769188670009,OCEAN
137,0xe10f6940c84b1bf8477fda04335405841b66cec7,0xdfe75198b548b8bf2295ccbae6fdf10a3d2798a7,0.00112016640885805,OCEAN
137,0xe10f6940c84b1bf8477fda04335405841b66cec7,0xc11e23434bcfe131c44adfbe1b1a973a7405418c,0.15011747336901723,OCEAN
137,0xe10f6940c84b1bf8477fda04335405841b66cec7,0x1f3bcd409b2b2d88259aca77115e858ea3c65e9c,0.02588430133287709,OCEAN
137,0xe10f6940c84b1bf8477fda04335405841b66cec7,0x7328eada6ff1e0974309f7d8f062101ce25c36bc,2.8458787394207254,OCEAN
137,0xe10f6940c84b1bf8477fda04335405841b66cec7,0x904d5d363a821ae8cde75802fcaac65ae4758857,0.025104238968332006,OCEAN
137,0xe10f6940c84b1bf8477fda04335405841b66cec7,0xab52e0195b52c651c5625a1dd6496cabf4cda641,0.022326223069020885,OCEAN
137,0xe10f6940c84b1bf8477fda04335405841b66cec7,0x5cdc664bcabe8c55699ce7e0e5b5b52dbff3fc44,0.1275626591279873,OCEAN
137,0xe10f6940c84b1bf8477fda04335405841b66cec7,0x2733e77ac2b145b58b6e46074c01667e8953fab9,0.06787745635923084,OCEAN
137,0xe10f6940c84b1bf8477fda04335405841b66cec7,0x872976a07b1dcc1828b00d514262f3a076eadf91,0.019881408934517324,OCEAN
137,0xe10f6940c84b1bf8477fda04335405841b66cec7,0x4f20e69e7ba5ab2fb2ae25a1d17c93fe5307faa9,0.04203239812383511,OCEAN
137,0xe10f6940c84b1bf8477fda04335405841b66cec7,0x8915e50c8691eb9263f922e8e254510c2e5c74c2,0.21860805914552273,OCEAN
137,0xe10f6940c84b1bf8477fda04335405841b66cec7,0x3c50843f99e1ba286939d69234bc8f3747d2066d,5.207788177351781e-06,OCEAN
137,0xe10f6940c84b1bf8477fda04335405841b66cec7,0x4d26f0e78c154f8fda7acf6646246fa135507017,0.4930975334761087,OCEAN
137,0xe10f6940c84b1bf8477fda04335405841b66cec7,0xdf8df3c234cc4e223b7eb8260754313eaeb93bdd,0.00048692495813739263,OCEAN
137,0xe10f6940c84b1bf8477fda04335405841b66cec7,0xbe96689bcd54811dfda821c972863267b6606607,0.001068567277566212,OCEAN
137,0xe10f6940c84b1bf8477fda04335405841b66cec7,0x33b85a77025cd4ba00b4b8ad937f4c222496671b,0.43540833818363484,OCEAN
137,0xe10f6940c84b1bf8477fda04335405841b66cec7,0x33311d0ac7fc6d76f9858f708a2a1261d98c3303,0.002401587542507768,OCEAN
137,0xe10f6940c84b1bf8477fda04335405841b66cec7,0x001b71fad769b3cd47fd4c9849c704fdfabf6096,0.05948587955113612,OCEAN
137,0xe10f6940c84b1bf8477fda04335405841b66cec7,0x2196b9fe1117df9324108d82dffc849492c23c14,0.022484991858067613,OCEAN
137,0xe10f6940c84b1bf8477fda04335405841b66cec7,0xc4c1a4cf7abdd8448fcb751f2cef65962e49d193,0.008290976947694722,OCEAN
137,0xe10f6940c84b1bf8477fda04335405841b66cec7,0x45bb1b43d178628a436d447e08e3cc044c737534,0.10714135576062817,OCEAN
137,0xe10f6940c84b1bf8477fda04335405841b66cec7,0xb2c05cc06f3de252fd515f5f1cc5fa184d8cf728,0.24917428310003797,OCEAN
137,0xe10f6940c84b1bf8477fda04335405841b66cec7,0x9c3fe0de3557bb91daa1863a60444e3749672d9b,0.021581848059866474,OCEAN
137,0xe10f6940c84b1bf8477fda04335405841b66cec7,0x90f78aeafd07e6e9addc9590c9edecf408a880a0,0.005451030258672525,OCEAN
137,0xe10f6940c84b1bf8477fda04335405841b66cec7,0x7a9fbb28648b7954e4a6dfedd58ffb007eef9b2b,0.034178572126663406,OCEAN
137,0xe10f6940c84b1bf8477fda04335405841b66cec7,0x7c6f4ecf06100d0bd99a2844c2414e290858bced,1.2256610232217573,OCEAN
137,0xe10f6940c84b1bf8477fda04335405841b66cec7,0x9281eb73034527ab4ff84fbc70353bc7d84fe62a,0.0007712640479746415,OCEAN
137,0xe10f6940c84b1bf8477fda04335405841b66cec7,0x4e779926cf83b9d2d6f206b1a77fe52b3a391b45,0.023167749429799336,OCEAN
137,0xe10f6940c84b1bf8477fda04335405841b66cec7,0xc3fa54ee9eb7e4e5c746088b86df940b9352bfd6,0.06624262756251255,OCEAN
137,0xe10f6940c84b1bf8477fda04335405841b66cec7,0xd1c9ff4da178024dbea13d3a23cb1988a2b96058,0.0014343918780561112,OCEAN
137,0xe10f6940c84b1bf8477fda04335405841b66cec7,0x504ec475d27abca384a384b4bf7377ff2be601da,0.09036156825802316,OCEAN
137,0xe10f6940c84b1bf8477fda04335405841b66cec7,0xe77dabe931b3b5af38cdf796a9ff9b89bf57c36b,0.002857903993763222,OCEAN
137,0xe10f6940c84b1bf8477fda04335405841b66cec7,0x4602f9ed469c6bbdabd7c3708ea01f9d1739941d,0.4109754829734814,OCEAN
137,0xe10f6940c84b1bf8477fda04335405841b66cec7,0x5af06f87e079026ae72eb1222c87da3d0418d8fb,0.0026393696013342054,OCEAN
137,0xe10f6940c84b1bf8477fda04335405841b66cec7,0xd8a7b5f1bf69b66a1ba464af5c6adba17c120eec,0.12365511287094175,OCEAN
137,0xe10f6940c84b1bf8477fda04335405841b66cec7,0x64b0012681110fc8aa09f9e0eb29f64ec3010594,0.8725827184426592,OCEAN
137,0xe10f6940c84b1bf8477fda04335405841b66cec7,0x7c28328f90a74fb83d463d359a2aec0d6a3512ee,0.20885505129556317,OCEAN
137,0xe10f6940c84b1bf8477fda04335405841b66cec7,0xacba0301033aab5f643a5f88bf24ebd840238df8,3.089787334413277,OCEAN
137,0xe10f6940c84b1bf8477fda04335405841b66cec7,0x02ae6dfaffc2c1f410fcad1f36885f6cc8b677d5,0.005018848250092657,OCEAN
137,0xe10f6940c84b1bf8477fda04335405841b66cec7,0xe7d6af20bc878ca06258d0cc54fb9407db06e337,0.02458475567824133,OCEAN
137,0xe10f6940c84b1bf8477fda04335405841b66cec7,0xbb38fd3dd71590139cb4824450be5d3b01431858,0.002139223649416939,OCEAN
137,0xe10f6940c84b1bf8477fda04335405841b66cec7,0x0848db7cb495e7b9ada1d4dc972b9a526d014d84,0.05783199460821067,OCEAN
137,0xe10f6940c84b1bf8477fda04335405841b66cec7,0xf48c8f6b16754e3c15c055934a1b3b53c3176e9d,0.04661883465505893,OCEAN
137,0xe10f6940c84b1bf8477fda04335405841b66cec7,0x55ce507e0a96e0995ef40db12411c3160b7a9bc2,0.01617449579425049,OCEAN
137,0xe10f6940c84b1bf8477fda04335405841b66cec7,0x5fc94366ef5b670599a35b4c8656ff8c0f29c40d,0.3349811572989847,OCEAN
137,0xe10f6940c84b1bf8477fda04335405841b66cec7,0x406f9cebad0f873e89cfaa75b2b49286f02f360a,0.0010290845035657724,OCEAN
137,0xe10f6940c84b1bf8477fda04335405841b66cec7,0x1758bc68a87abfede6a213666d15c028f2708b2b,0.010009236980093697,OCEAN
137,0xe10f6940c84b1bf8477fda04335405841b66cec7,0x90eb6f23617dcdd76c8ba65de7293dc847ffc534,0.0158952651840942,OCEAN
137,0x3a2767cb8e22bbaf3a712bab5ac779f0cb118081,0x3bd59ed16c462b4464091830dab828dce079076f,0.04744468631544745,OCEAN
137,0x3a2767cb8e22bbaf3a712bab5ac779f0cb118081,0x6b2c4844605453f2494acbd66a511dc1d4eb6701,0.039310124390832056,OCEAN
137,0x4b23ee226f61eecc6521697b9e5d96e4bdfb1d0c,0x3bd59ed16c462b4464091830dab828dce079076f,0.0006234267000753103,OCEAN
137,0x4b23ee226f61eecc6521697b9e5d96e4bdfb1d0c,0xd8a7b5f1bf69b66a1ba464af5c6adba17c120eec,0.13804404247076238,OCEAN
137,0x66405cc1876e49ecd3f9771b030046f5f328892a,0xab52e0195b52c651c5625a1dd6496cabf4cda641,0.008308272024289366,OCEAN
137,0x66405cc1876e49ecd3f9771b030046f5f328892a,0xd8a7b5f1bf69b66a1ba464af5c6adba17c120eec,0.006902378730271131,OCEAN
137,0x66405cc1876e49ecd3f9771b030046f5f328892a,0xda7f8df9c6bae04fbe2b3ef3d546b0a00d56538a,0.003956017587000905,OCEAN
137,0x40de175e5de5139c1e754d6fdc8b01ac23065700,0xab52e0195b52c651c5625a1dd6496cabf4cda641,0.0007062633155969787,OCEAN
137,0x40de175e5de5139c1e754d6fdc8b01ac23065700,0xd8a7b5f1bf69b66a1ba464af5c6adba17c120eec,0.005867521998913269,OCEAN
137,0x40de175e5de5139c1e754d6fdc8b01ac23065700,0xda7f8df9c6bae04fbe2b3ef3d546b0a00d56538a,0.006725803125817123,OCEAN
137,0x70ad4e92329126dd543e0d6ed3ca87260a75e075,0xfb34b8450bb7d02986536f76628d39a092916c3d,0.0030439593178332594,OCEAN
137,0x70ad4e92329126dd543e0d6ed3ca87260a75e075,0x8eac3cf74fe6dc46a8ed9bf07a15f67dfbeefdc9,0.00013331284564949697,OCEAN
137,0x70ad4e92329126dd543e0d6ed3ca87260a75e075,0xc07c6c07b44e5a35105e63294ab799d8baaae502,0.04925245737602961,OCEAN
