chainID,nft_addr,LP_addr,amt,token
137,0xe10f6940c84b1bf8477fda04335405841b66cec7,0x8915e50c8691eb9263f922e8e254510c2e5c74c2,0.21861531603373668,OCEAN
137,0xe10f6940c84b1bf8477fda04335405841b66cec7,0x4e779926cf83b9d2d6f206b1a77fe52b3a391b45,0.02316881980127549,OCEAN
137,0xe10f6940c84b1bf8477fda04335405841b66cec7,0x64b0012681110fc8aa09f9e0eb29f64ec3010594,0.8725498875388064,OCEAN
137,0xe10f6940c84b1bf8477fda04335405841b66cec7,0xb2c05cc06f3de252fd515f5f1cc5fa184d8cf728,0.24916739418787712,OCEAN
137,0xe10f6940c84b1bf8477fda04335405841b66cec7,0xc4a02f0734147e191cc8b28dd0ad10c2f27192c0,0.031994060416162616,OCEAN
137,0xe10f6940c84b1bf8477fda04335405841b66cec7,0x45bb1b43d178628a436d447e08e3cc044c737534,0.10713736046072661,OCEAN
137,0xe10f6940c84b1bf8477fda04335405841b66cec7,0x0848db7cb495e7b9ada1d4dc972b9a526d014d84,0.0582469091134504,OCEAN
137,0xe10f6940c84b1bf8477fda04335405841b66cec7,0xe7d6af20bc878ca06258d0cc54fb9407db06e337,0.024585331230038556,OCEAN
137,0xe10f6940c84b1bf8477fda04335405841b66cec7,0xf48c8f6b16754e3c15c055934a1b3b53c3176e9d,0.04661708827490573,OCEAN
137,0xe10f6940c84b1bf8477fda04335405841b66cec7,0x2196b9fe1117df9324108d82dffc849492c23c14,0.022484148615180225,OCEAN
137,0xe10f6940c84b1bf8477fda04335405841b66cec7,0xdf8df3c234cc4e223b7eb8260754313eaeb93bdd,0.00048694512418810166,OCEAN
137,0xe10f6940c84b1bf8477fda04335405841b66cec7,0x4f20e69e7ba5ab2fb2ae25a1d17c93fe5307faa9,0.04203123605568357,OCEAN
137,0xe10f6940c84b1bf8477fda04335405841b66cec7,0x3c50843f99e1ba286939d69234bc8f3747d2066d,5.209614340719e-06,OCEAN
137,0xe10f6940c84b1bf8477fda04335405841b66cec7,0x90f78aeafd07e6e9addc9590c9edecf408a880a0,0.0054509661799059484,OCEAN
137,0xe10f6940c84b1bf8477fda04335405841b66cec7,0x7c6f4ecf06100d0bd99a2844c2414e290858bced,1.2256189991224467,OCEAN
137,0xe10f6940c84b1bf8477fda04335405841b66cec7,0x90eb6f23617dcdd76c8ba65de7293dc847ffc534,0.01589479243191433,OCEAN
137,0xe10f6940c84b1bf8477fda04335405841b66cec7,0xacba0301033aab5f643a5f88bf24ebd840238df8,3.0896719823077965,OCEAN
137,0xe10f6940c84b1bf8477fda04335405841b66cec7,0xd8a7b5f1bf69b66a1ba464af5c6adba17c120eec,0.12365050177323145,OCEAN
137,0xe10f6940c84b1bf8477fda04335405841b66cec7,0x33b85a77025cd4ba00b4b8ad937f4c222496671b,0.43539212088433643,OCEAN
137,0xe10f6940c84b1bf8477fda04335405841b66cec7,0x55ce507e0a96e0995ef40db12411c3160b7a9bc2,0.016175095906505774,OCEAN
137,0xe10f6940c84b1bf8477fda04335405841b66cec7,0x5fc94366ef5b670599a35b4c8656ff8c0f29c40d,0.33497146613972334,OCEAN
137,0xe10f6940c84b1bf8477fda04335405841b66cec7,0xd1c9ff4da178024dbea13d3a23cb1988a2b96058,0.0014344215216648773,OCEAN
137,0xe10f6940c84b1bf8477fda04335405841b66cec7,0xc4c1a4cf7abdd8448fcb751f2cef65962e49d193,0.008290667777261413,OCEAN
137,0xe10f6940c84b1bf8477fda04335405841b66cec7,0x4d26f0e78c154f8fda7acf6646246fa135507017,0.49307914587485674,OCEAN
137,0xe10f6940c84b1bf8477fda04335405841b66cec7,0x872976a07b1dcc1828b00d514262f3a076eadf91,0.019880851596305708,OCEAN
137,0xe10f6940c84b1bf8477fda04335405841b66cec7,0x3bd59ed16c462b4464091830dab828dce079076f,0.0002233817419432408,OCEAN
137,0xe10f6940c84b1bf8477fda04335405841b66cec7,0xdfe75198b548b8bf2295ccbae6fdf10a3d2798a7,0.001120218161583378,OCEAN
137,0xe10f6940c84b1bf8477fda04335405841b66cec7,0xbe96689bcd54811dfda821c972863267b6606607,0.0010688060185636645,OCEAN
137,0xe10f6940c84b1bf8477fda04335405841b66cec7,0x406f9cebad0f873e89cfaa75b2b49286f02f360a,0.0010290458258931446,OCEAN
137,0xe10f6940c84b1bf8477fda04335405841b66cec7,0x904d5d363a821ae8cde75802fcaac65ae4758857,0.025103544912368634,OCEAN
137,0xe10f6940c84b1bf8477fda04335405841b66cec7,0x33311d0ac7fc6d76f9858f708a2a1261d98c3303,0.002401698498076008,OCEAN
137,0xe10f6940c84b1bf8477fda04335405841b66cec7,0x02ae6dfaffc2c1f410fcad1f36885f6cc8b677d5,0.005018703916532069,OCEAN
137,0xe10f6940c84b1bf8477fda04335405841b66cec7,0x9281eb73034527ab4ff84fbc70353bc7d84fe62a,0.0007712349374396288,OCEAN
137,0xe10f6940c84b1bf8477fda04335405841b66cec7,0xa765100f3c8cc0656ec29b5c6e0d5519c446c1ca,0.05866845385329588,OCEAN
137,0xe10f6940c84b1bf8477fda04335405841b66cec7,0x9c3fe0de3557bb91daa1863a60444e3749672d9b,0.021581043273005203,OCEAN
137,0xe10f6940c84b1bf8477fda04335405841b66cec7,0x5af06f87e079026ae72eb1222c87da3d0418d8fb,0.0026393233858077094,OCEAN
137,0xe10f6940c84b1bf8477fda04335405841b66cec7,0xab52e0195b52c651c5625a1dd6496cabf4cda641,0.022325383045413556,OCEAN
137,0xe10f6940c84b1bf8477fda04335405841b66cec7,0x504ec475d27abca384a384b4bf7377ff2be601da,0.09035819867620096,OCEAN
137,0xe10f6940c84b1bf8477fda04335405841b66cec7,0xbb38fd3dd71590139cb4824450be5d3b01431858,0.0021393122455997202,OCEAN
137,0xe10f6940c84b1bf8477fda04335405841b66cec7,0xc3fa54ee9eb7e4e5c746088b86df940b9352bfd6,0.06624015737570615,OCEAN
137,0xe10f6940c84b1bf8477fda04335405841b66cec7,0x7328eada6ff1e0974309f7d8f062101ce25c36bc,2.8457715493603954,OCEAN
137,0xe10f6940c84b1bf8477fda04335405841b66cec7,0x1758bc68a87abfede6a213666d15c028f2708b2b,0.010008947408254953,OCEAN
137,0xe10f6940c84b1bf8477fda04335405841b66cec7,0xc11e23434bcfe131c44adfbe1b1a973a7405418c,0.15011229120248334,OCEAN
137,0xe10f6940c84b1bf8477fda04335405841b66cec7,0x7a9fbb28648b7954e4a6dfedd58ffb007eef9b2b,0.03417758920891685,OCEAN
137,0xe10f6940c84b1bf8477fda04335405841b66cec7,0xc0abec13a844a6cf016323bb6701f22df909c703,0.013313876521375488,OCEAN
137,0xe10f6940c84b1bf8477fda04335405841b66cec7,0x1f3bcd409b2b2d88259aca77115e858ea3c65e9c,0.025883548120851096,OCEAN
137,0xe10f6940c84b1bf8477fda04335405841b66cec7,0x7c28328f90a74fb83d463d359a2aec0d6a3512ee,0.2088471764864186,OCEAN
137,0xe10f6940c84b1bf8477fda04335405841b66cec7,0xe77dabe931b3b5af38cdf796a9ff9b89bf57c36b,0.002857814966842294,OCEAN
137,0xe10f6940c84b1bf8477fda04335405841b66cec7,0x001b71fad769b3cd47fd4c9849c704fdfabf6096,0.059483661323384444,OCEAN
137,0xe10f6940c84b1bf8477fda04335405841b66cec7,0x2733e77ac2b145b58b6e46074c01667e8953fab9,0.06787491646889407,OCEAN
137,0xe10f6940c84b1bf8477fda04335405841b66cec7,0xcfd1d657f820404fedb594e5b0981a1b03dd6bef,0.2702598420928816,OCEAN
137,0xe10f6940c84b1bf8477fda04335405841b66cec7,0x5cdc664bcabe8c55699ce7e0e5b5b52dbff3fc44,0.12755784471128517,OCEAN
137,0xe10f6940c84b1bf8477fda04335405841b66cec7,0x4602f9ed469c6bbdabd7c3708ea01f9d1739941d,0.4109600200307952,OCEAN
137,0x21457717da4d370ea16a8eaa3cb46ba2f9797ab4,0x8915e50c8691eb9263f922e8e254510c2e5c74c2,0.1402138151091242,OCEAN
137,0x21457717da4d370ea16a8eaa3cb46ba2f9797ab4,0x4e779926cf83b9d2d6f206b1a77fe52b3a391b45,0.0037149599978294023,OCEAN
137,0x21457717da4d370ea16a8eaa3cb46ba2f9797ab4,0x44091f0b9619cf836e0f03a49f8c959e2993bd20,0.008858624279692836,OCEAN
137,0x21457717da4d370ea16a8eaa3cb46ba2f9797ab4,0x64b0012681110fc8aa09f9e0eb29f64ec3010594,0.5596293563712311,OCEAN
137,0x21457717da4d370ea16a8eaa3cb46ba2f9797ab4,0x1694ab8e597e90fcb4cd637bafa3e553fc1d0083,0.0010893132016082821,OCEAN
137,0x21457717da4d370ea16a8eaa3cb46ba2f9797ab4,0xb2c05cc06f3de252fd515f5f1cc5fa184d8cf728,0.1598090727297892,OCEAN
137,0x21457717da4d370ea16a8eaa3cb46ba2f9797ab4,0x45bb1b43d178628a436d447e08e3cc044c737534,0.04008371427043258,OCEAN
137,0x21457717da4d370ea16a8eaa3cb46ba2f9797ab4,0xd13294fa603d9243fb9aeff338a5639ee1bd6599,1.1913566580203956,OCEAN
137,0x21457717da4d370ea16a8eaa3cb46ba2f9797ab4,0xf48c8f6b16754e3c15c055934a1b3b53c3176e9d,0.02989891062936626,OCEAN
137,0x21457717da4d370ea16a8eaa3cb46ba2f9797ab4,0xc4bf9db0b6389f002fbeacd6b8c9272ced024610,0.006223825367273178,OCEAN
137,0x21457717da4d370ea16a8eaa3cb46ba2f9797ab4,0x4f20e69e7ba5ab2fb2ae25a1d17c93fe5307faa9,0.026957671896190975,OCEAN
137,0x21457717da4d370ea16a8eaa3cb46ba2f9797ab4,0x90f78aeafd07e6e9addc9590c9edecf408a880a0,0.005826831486328518,OCEAN
137,0x21457717da4d370ea16a8eaa3cb46ba2f9797ab4,0x90eb6f23617dcdd76c8ba65de7293dc847ffc534,0.010194480092613523,OCEAN
137,0x21457717da4d370ea16a8eaa3cb46ba2f9797ab4,0x46f69ffdb3eab2b9d108d2d81dca7c2ca018c91c,0.014364997590625248,OCEAN
137,0x21457717da4d370ea16a8eaa3cb46ba2f9797ab4,0xd8a7b5f1bf69b66a1ba464af5c6adba17c120eec,0.07930601070561219,OCEAN
137,0x21457717da4d370ea16a8eaa3cb46ba2f9797ab4,0x6b2c4844605453f2494acbd66a511dc1d4eb6701,0.0001186999280841822,OCEAN
137,0x21457717da4d370ea16a8eaa3cb46ba2f9797ab4,0xb2b59d0fc3283b33091aa11fc0ba08927c7e2bf9,0.11590510592781185,OCEAN
137,0x21457717da4d370ea16a8eaa3cb46ba2f9797ab4,0xe0dc24a3d7478eb840dc63baa20fcb06cdb123be,2.1675301311705315,OCEAN
137,0x21457717da4d370ea16a8eaa3cb46ba2f9797ab4,0xd1c9ff4da178024dbea13d3a23cb1988a2b96058,0.0009199982767732068,OCEAN
137,0x21457717da4d370ea16a8eaa3cb46ba2f9797ab4,0xc4c1a4cf7abdd8448fcb751f2cef65962e49d193,0.00354493661878266,OCEAN
137,0x21457717da4d370ea16a8eaa3cb46ba2f9797ab4,0xdbf569b55c210d3062fe5d15575d854dd9b330eb,0.13390749391692813,OCEAN
137,0x21457717da4d370ea16a8eaa3cb46ba2f9797ab4,0x9b5ff12337065596487ae9d35745cc66bf76d23c,0.4457092208725969,OCEAN
137,0x21457717da4d370ea16a8eaa3cb46ba2f9797ab4,0x3bd59ed16c462b4464091830dab828dce079076f,0.0001432708688111778,OCEAN
137,0x21457717da4d370ea16a8eaa3cb46ba2f9797ab4,0xdfe75198b548b8bf2295ccbae6fdf10a3d2798a7,0.0007184769349183925,OCEAN
137,0x21457717da4d370ea16a8eaa3cb46ba2f9797ab4,0xfaaeb84475546c25fd711917ff8400cf8a9e65d2,0.8725148776075847,OCEAN
137,0x21457717da4d370ea16a8eaa3cb46ba2f9797ab4,0x94f6f9ab0771f190c6b43706c01eb81f90f566d4,0.23256190771624244,OCEAN
137,0x21457717da4d370ea16a8eaa3cb46ba2f9797ab4,0xbe96689bcd54811dfda821c972863267b6606607,0.0006855026088441043,OCEAN
137,0x21457717da4d370ea16a8eaa3cb46ba2f9797ab4,0x406f9cebad0f873e89cfaa75b2b49286f02f360a,0.0006600015213404862,OCEAN
137,0x21457717da4d370ea16a8eaa3cb46ba2f9797ab4,0x33311d0ac7fc6d76f9858f708a2a1261d98c3303,0.001540382967061298,OCEAN
137,0x21457717da4d370ea16a8eaa3cb46ba2f9797ab4,0xa78b390f3446d57cbfa705793bfc8b1c264d73a5,0.01863931561755788,OCEAN
137,0x21457717da4d370ea16a8eaa3cb46ba2f9797ab4,0x02ae6dfaffc2c1f410fcad1f36885f6cc8b677d5,0.003218857835795327,OCEAN
137,0x21457717da4d370ea16a8eaa3cb46ba2f9797ab4,0x8ada0bdc001a06150eff088b7ad718348a5e53c2,0.003890355380669463,OCEAN
137,0x21457717da4d370ea16a8eaa3cb46ba2f9797ab4,0x4ab8e275379d57520f09af5b55e650911d3ab81e,0.9696374141558357,OCEAN
137,0x21457717da4d370ea16a8eaa3cb46ba2f9797ab4,0x867e0983c2574aac1b88d831ec7d92265a4373a3,3.7362304075176014e-05,OCEAN
137,0x21457717da4d370ea16a8eaa3cb46ba2f9797ab4,0x8475b523b5fa2db7b77eb5f14edabdefc2102698,1.2086789921959529,OCEAN
137,0x21457717da4d370ea16a8eaa3cb46ba2f9797ab4,0x1fac06467b7d9c3a9361f42ab7bd09e6a5719ec7,1.7442786971552513,OCEAN
137,0x21457717da4d370ea16a8eaa3cb46ba2f9797ab4,0xc3fa54ee9eb7e4e5c746088b86df940b9352bfd6,0.042484604224359394,OCEAN
137,0x21457717da4d370ea16a8eaa3cb46ba2f9797ab4,0xc11e23434bcfe131c44adfbe1b1a973a7405418c,0.0962778703072383,OCEAN
137,0x21457717da4d370ea16a8eaa3cb46ba2f9797ab4,0x1f3bcd409b2b2d88259aca77115e858ea3c65e9c,0.005099651022076168,OCEAN
137,0x21457717da4d370ea16a8eaa3cb46ba2f9797ab4,0x7c28328f90a74fb83d463d359a2aec0d6a3512ee,0.13394880066596224,OCEAN
137,0x21457717da4d370ea16a8eaa3cb46ba2f9797ab4,0xcbe01d855ebc3c06383c3752dce518625d695b4c,0.1782068749336683,OCEAN
137,0x21457717da4d370ea16a8eaa3cb46ba2f9797ab4,0xcfd1d657f820404fedb594e5b0981a1b03dd6bef,0.33647806545692704,OCEAN
137,0x635a7541459b8a320a08cb2f954aa2dcf858fec8,0x8915e50c8691eb9263f922e8e254510c2e5c74c2,48.80322769615693,OCEAN
137,0x635a7541459b8a320a08cb2f954aa2dcf858fec8,0x4e779926cf83b9d2d6f206b1a77fe52b3a391b45,3.879119297518886,OCEAN
137,0x635a7541459b8a320a08cb2f954aa2dcf858fec8,0xc0ad4c05df5ce58ba4204109a473dfe2a9d595af,32.9704640167023,OCEAN
137,0x635a7541459b8a320a08cb2f954aa2dcf858fec8,0x6f970790f9046cfc1942894fb038b0dd7a76c8a9,15.107756033181921,OCEAN
137,0x635a7541459b8a320a08cb2f954aa2dcf858fec8,0x5f148fa6a7fe1f282341c8fc54b781e42b09a518,234.29361511534185,OCEAN
137,0x635a7541459b8a320a08cb2f954aa2dcf858fec8,0xd4ceeea4c2c193f6e482512025bbb64e4ecbc1ef,6.733229344071519,OCEAN
137,0x635a7541459b8a320a08cb2f954aa2dcf858fec8,0xe3a95077191f4a877b1fdd53866eea3a49d249d1,4.952853107054291,OCEAN
137,0x635a7541459b8a320a08cb2f954aa2dcf858fec8,0x0e0bab764f38d63abf08680a50b33718c98b90e6,113.04806545180813,OCEAN
137,0x635a7541459b8a320a08cb2f954aa2dcf858fec8,0x44091f0b9619cf836e0f03a49f8c959e2993bd20,6.166716988052634,OCEAN
137,0x635a7541459b8a320a08cb2f954aa2dcf858fec8,0x64b0012681110fc8aa09f9e0eb29f64ec3010594,377.88526496747215,OCEAN
137,0x635a7541459b8a320a08cb2f954aa2dcf858fec8,0xc76357b8a519e617e3fd76494c9e8538930d6078,7.847295114665923,OCEAN
137,0x635a7541459b8a320a08cb2f954aa2dcf858fec8,0x4599225b77519a74a87b8bdbb8ad5909c3864027,582.3453873595021,OCEAN
137,0x635a7541459b8a320a08cb2f954aa2dcf858fec8,0x38c63cf2ea1341327a668809be68827073aa72ac,11.237905047923324,OCEAN
137,0x635a7541459b8a320a08cb2f954aa2dcf858fec8,0x7473a74cb6376e43209eb122f83cbc3ed8de58fe,139.07025884323556,OCEAN
137,0x635a7541459b8a320a08cb2f954aa2dcf858fec8,0xb1e24789311f14b6270b2b4ed11a768bf9b547ff,2036.5742883413725,OCEAN
137,0x635a7541459b8a320a08cb2f954aa2dcf858fec8,0x1694ab8e597e90fcb4cd637bafa3e553fc1d0083,0.3791495165376129,OCEAN
137,0x635a7541459b8a320a08cb2f954aa2dcf858fec8,0x45bb1b43d178628a436d447e08e3cc044c737534,13.95165400017932,OCEAN
137,0x635a7541459b8a320a08cb2f954aa2dcf858fec8,0x1215fed867ad6eb5f078fc8b477a1a32eb59d75d,109.91855736251782,OCEAN
137,0x635a7541459b8a320a08cb2f954aa2dcf858fec8,0xa4977528c858b91f485ce36cb01aa7a0eef9f3f6,9.818263275780063e-05,OCEAN
137,0x635a7541459b8a320a08cb2f954aa2dcf858fec8,0xc4bf9db0b6389f002fbeacd6b8c9272ced024610,5.05465970935483,OCEAN
137,0x635a7541459b8a320a08cb2f954aa2dcf858fec8,0x2196b9fe1117df9324108d82dffc849492c23c14,88.59620825476352,OCEAN
137,0x635a7541459b8a320a08cb2f954aa2dcf858fec8,0xdd9743f6723fc1467d1ea48ba6bdb9a685b83c0b,32.005296901156804,OCEAN
137,0x635a7541459b8a320a08cb2f954aa2dcf858fec8,0x53a1f52e5c6edb497181da76e2cd67da619dfaa4,80.57548647234198,OCEAN
137,0x635a7541459b8a320a08cb2f954aa2dcf858fec8,0x3c50843f99e1ba286939d69234bc8f3747d2066d,0.010466851067106148,OCEAN
137,0x635a7541459b8a320a08cb2f954aa2dcf858fec8,0x663052ad99b85a8c35040c4fd1cc87620f4b61f1,5362.512545441184,OCEAN
137,0x635a7541459b8a320a08cb2f954aa2dcf858fec8,0xd8a7b5f1bf69b66a1ba464af5c6adba17c120eec,5.520696081377776,OCEAN
137,0x635a7541459b8a320a08cb2f954aa2dcf858fec8,0x33b85a77025cd4ba00b4b8ad937f4c222496671b,40.336352444222314,OCEAN
137,0x635a7541459b8a320a08cb2f954aa2dcf858fec8,0x95832c5cf40d9979b84e9ab11d68ba6af2d1ea00,37.18590743012471,OCEAN
137,0x635a7541459b8a320a08cb2f954aa2dcf858fec8,0x6b2c4844605453f2494acbd66a511dc1d4eb6701,0.08263008339515368,OCEAN
137,0x635a7541459b8a320a08cb2f954aa2dcf858fec8,0x55ce507e0a96e0995ef40db12411c3160b7a9bc2,1.0316842033030393,OCEAN
137,0x635a7541459b8a320a08cb2f954aa2dcf858fec8,0xc4c1a4cf7abdd8448fcb751f2cef65962e49d193,1.8507914021195138,OCEAN
137,0x635a7541459b8a320a08cb2f954aa2dcf858fec8,0x1e2394b6b88f9329127d98347f6e696e4af33e13,0.26758588022571134,OCEAN
137,0x635a7541459b8a320a08cb2f954aa2dcf858fec8,0x3bd59ed16c462b4464091830dab828dce079076f,0.07480091202899383,OCEAN
137,0x635a7541459b8a320a08cb2f954aa2dcf858fec8,0x904d5d363a821ae8cde75802fcaac65ae4758857,8.490155545630657,OCEAN
137,0x635a7541459b8a320a08cb2f954aa2dcf858fec8,0x89df4da80b46ab143c5aee3ab8fa4176a1822251,220.58544980659138,OCEAN
137,0x635a7541459b8a320a08cb2f954aa2dcf858fec8,0x8ada0bdc001a06150eff088b7ad718348a5e53c2,5.416353568698413,OCEAN
137,0x635a7541459b8a320a08cb2f954aa2dcf858fec8,0x52ed9a39a7819712aac501f21e37e62956d77f7b,2.9021570673600547,OCEAN
137,0x635a7541459b8a320a08cb2f954aa2dcf858fec8,0x9281eb73034527ab4ff84fbc70353bc7d84fe62a,0.17216888067114727,OCEAN
137,0x635a7541459b8a320a08cb2f954aa2dcf858fec8,0x5c167ddca47bb41a4511bd847962d8e849bc7bf6,10.04233840953594,OCEAN
137,0x635a7541459b8a320a08cb2f954aa2dcf858fec8,0x4ac8e3fd41c06499fc63427ec3ae9d86d46d9d71,54.7130645017883,OCEAN
137,0x635a7541459b8a320a08cb2f954aa2dcf858fec8,0x28f39db34bd36ba5dc9009015f67a57f90748422,92.74841266958629,OCEAN
137,0x635a7541459b8a320a08cb2f954aa2dcf858fec8,0xcf8a4b99640defaf99acae9d770dec9dff37927d,4325.037031012573,OCEAN
137,0x635a7541459b8a320a08cb2f954aa2dcf858fec8,0x5b520e99129194105c465230d3cb6c9e4b172147,263.2771654885854,OCEAN
137,0x635a7541459b8a320a08cb2f954aa2dcf858fec8,0x867e0983c2574aac1b88d831ec7d92265a4373a3,0.013004432064092748,OCEAN
137,0x635a7541459b8a320a08cb2f954aa2dcf858fec8,0xf52af95978b51a48f65d9e899333903f000b4a8b,0.5199919691461187,OCEAN
137,0x635a7541459b8a320a08cb2f954aa2dcf858fec8,0x259ddfa9f95e4c6ad778a3342177aaf85e40ea42,0.5340720328871199,OCEAN
137,0x635a7541459b8a320a08cb2f954aa2dcf858fec8,0x5d2b315c465e133a346c960f46f5aa1ed88a3179,88.14601774672,OCEAN
137,0x635a7541459b8a320a08cb2f954aa2dcf858fec8,0x8475b523b5fa2db7b77eb5f14edabdefc2102698,7481.549838487138,OCEAN
137,0x635a7541459b8a320a08cb2f954aa2dcf858fec8,0xce74a5886ea7a8a675d8fb5fc11a697a23fe1dc8,1329.2053996786299,OCEAN
137,0x635a7541459b8a320a08cb2f954aa2dcf858fec8,0xcd2e9293bf8887bfb61c30740b728f3ad734c3f5,754.8229165981488,OCEAN
137,0x635a7541459b8a320a08cb2f954aa2dcf858fec8,0x9548df6469e35f6d1bc0357fb669519c96034f70,0.06120259053927271,OCEAN
137,0x635a7541459b8a320a08cb2f954aa2dcf858fec8,0x7328eada6ff1e0974309f7d8f062101ce25c36bc,1905.8523357061815,OCEAN
137,0x635a7541459b8a320a08cb2f954aa2dcf858fec8,0xa911ccf5f6c7bd5fb25188d41a536890c3c8fae5,439.8624850052515,OCEAN
137,0x635a7541459b8a320a08cb2f954aa2dcf858fec8,0xe77dabe931b3b5af38cdf796a9ff9b89bf57c36b,6.727711680206223,OCEAN
137,0x635a7541459b8a320a08cb2f954aa2dcf858fec8,0x001b71fad769b3cd47fd4c9849c704fdfabf6096,36.25169355370671,OCEAN
137,0x635a7541459b8a320a08cb2f954aa2dcf858fec8,0x8978be1b2082d10ea95533d2897ddab53afb97e9,3914.2051137961244,OCEAN
137,0x635a7541459b8a320a08cb2f954aa2dcf858fec8,0x5cdc664bcabe8c55699ce7e0e5b5b52dbff3fc44,2230.6002211438113,OCEAN
137,0x635a7541459b8a320a08cb2f954aa2dcf858fec8,0x69e0e2b3d523d3b247d798a49c3fa022a46dd6bd,602.2944472577328,OCEAN
137,0x635a7541459b8a320a08cb2f954aa2dcf858fec8,0x4602f9ed469c6bbdabd7c3708ea01f9d1739941d,124.10478430486525,OCEAN
137,0x9723488dc1524849a82917a61a38bbe24a8219c1,0x034e1f7a66b582b68e511b325ed0ccb71bb4bc12,0.0020748940055355406,OCEAN
137,0x9723488dc1524849a82917a61a38bbe24a8219c1,0x73f71c902630b72bab8e42a1b92bb75e20be9185,0.0013113103092131954,OCEAN
137,0x9723488dc1524849a82917a61a38bbe24a8219c1,0xc07c6c07b44e5a35105e63294ab799d8baaae502,0.01303250843806065,OCEAN
137,0x9723488dc1524849a82917a61a38bbe24a8219c1,0xd8a7b5f1bf69b66a1ba464af5c6adba17c120eec,0.0040967960244529845,OCEAN
137,0x9723488dc1524849a82917a61a38bbe24a8219c1,0xfb34b8450bb7d02986536f76628d39a092916c3d,0.000805450530397956,OCEAN
137,0x9723488dc1524849a82917a61a38bbe24a8219c1,0x406f9cebad0f873e89cfaa75b2b49286f02f360a,4.2618011937291946e-05,OCEAN
137,0x9723488dc1524849a82917a61a38bbe24a8219c1,0xbf6dedc1bb233e7e8e8f085227eaa1d611103a68,0.0009862739832075865,OCEAN
137,0x9723488dc1524849a82917a61a38bbe24a8219c1,0x33311d0ac7fc6d76f9858f708a2a1261d98c3303,9.946652781176334e-05,OCEAN
137,0x9723488dc1524849a82917a61a38bbe24a8219c1,0x4112111874dd89d82d50b25d947de2fe937aa80d,0.0012879855811465254,OCEAN
137,0x9723488dc1524849a82917a61a38bbe24a8219c1,0xfb7c11485f446f9bc0066a539fc391bfbd9a5759,0.001345347076580291,OCEAN
137,0x9723488dc1524849a82917a61a38bbe24a8219c1,0xf52af95978b51a48f65d9e899333903f000b4a8b,0.0001291198589169626,OCEAN
137,0x9723488dc1524849a82917a61a38bbe24a8219c1,0xfefe74202c45c34045ac4a3270a2ce84629109b0,0.015615916194106625,OCEAN
137,0x40de175e5de5139c1e754d6fdc8b01ac23065700,0xda7f8df9c6bae04fbe2b3ef3d546b0a00d56538a,0.006725801866849024,OCEAN
137,0x40de175e5de5139c1e754d6fdc8b01ac23065700,0xd8a7b5f1bf69b66a1ba464af5c6adba17c120eec,0.0058675233338016195,OCEAN
137,0x40de175e5de5139c1e754d6fdc8b01ac23065700,0xab52e0195b52c651c5625a1dd6496cabf4cda641,0.0007062632396767277,OCEAN
137,0x66405cc1876e49ecd3f9771b030046f5f328892a,0xda7f8df9c6bae04fbe2b3ef3d546b0a00d56538a,0.003956016859556965,OCEAN
137,0x66405cc1876e49ecd3f9771b030046f5f328892a,0xd8a7b5f1bf69b66a1ba464af5c6adba17c120eec,0.006902380323385208,OCEAN
137,0x66405cc1876e49ecd3f9771b030046f5f328892a,0xab52e0195b52c651c5625a1dd6496cabf4cda641,0.008308271158619235,OCEAN
137,0x70ad4e92329126dd543e0d6ed3ca87260a75e075,0xc07c6c07b44e5a35105e63294ab799d8baaae502,0.04925245184717488,OCEAN
137,0x70ad4e92329126dd543e0d6ed3ca87260a75e075,0xfb34b8450bb7d02986536f76628d39a092916c3d,0.0030439583946749475,OCEAN
137,0x70ad4e92329126dd543e0d6ed3ca87260a75e075,0x8eac3cf74fe6dc46a8ed9bf07a15f67dfbeefdc9,0.00013331929766254773,OCEAN
137,0x4b23ee226f61eecc6521697b9e5d96e4bdfb1d0c,0xd8a7b5f1bf69b66a1ba464af5c6adba17c120eec,0.1380440080739121,OCEAN
137,0x4b23ee226f61eecc6521697b9e5d96e4bdfb1d0c,0x3bd59ed16c462b4464091830dab828dce079076f,0.0006234610969256281,OCEAN
137,0x3a2767cb8e22bbaf3a712bab5ac779f0cb118081,0x6b2c4844605453f2494acbd66a511dc1d4eb6701,0.03930892265028115,OCEAN
137,0x3a2767cb8e22bbaf3a712bab5ac779f0cb118081,0x3bd59ed16c462b4464091830dab828dce079076f,0.047445888055998385,OCEAN
