chainID,nft_addr,LP_addr,amt,token
137,0xe10f6940c84b1bf8477fda04335405841b66cec7,0xdf8df3c234cc4e223b7eb8260754313eaeb93bdd,0.00013144500908841427,OCEAN
137,0xe10f6940c84b1bf8477fda04335405841b66cec7,0xd8a7b5f1bf69b66a1ba464af5c6adba17c120eec,0.03126878624515124,OCEAN
137,0xe10f6940c84b1bf8477fda04335405841b66cec7,0xbe96689bcd54811dfda821c972863267b6606607,0.0003306605481213484,OCEAN
137,0xe10f6940c84b1bf8477fda04335405841b66cec7,0xa765100f3c8cc0656ec29b5c6e0d5519c446c1ca,0.014833928656672317,OCEAN
137,0xe10f6940c84b1bf8477fda04335405841b66cec7,0xd4ceeea4c2c193f6e482512025bbb64e4ecbc1ef,0.003909705021778958,OCEAN
137,0xe10f6940c84b1bf8477fda04335405841b66cec7,0x663052ad99b85a8c35040c4fd1cc87620f4b61f1,1.1210782707376599,OCEAN
137,0xe10f6940c84b1bf8477fda04335405841b66cec7,0xdbf569b55c210d3062fe5d15575d854dd9b330eb,0.04882663364060081,OCEAN
137,0xe10f6940c84b1bf8477fda04335405841b66cec7,0xc0abec13a844a6cf016323bb6701f22df909c703,0.003366205009849264,OCEAN
137,0xe10f6940c84b1bf8477fda04335405841b66cec7,0x7a9fbb28648b7954e4a6dfedd58ffb007eef9b2b,0.00870604271742827,OCEAN
137,0xe10f6940c84b1bf8477fda04335405841b66cec7,0x31de8032504db7adbd94216ea583a1cd600b05d4,0.07923815634759934,OCEAN
137,0xe10f6940c84b1bf8477fda04335405841b66cec7,0xc3fa54ee9eb7e4e5c746088b86df940b9352bfd6,0.01675083636639591,OCEAN
137,0xe10f6940c84b1bf8477fda04335405841b66cec7,0x904d5d363a821ae8cde75802fcaac65ae4758857,0.003456357520039032,OCEAN
137,0xe10f6940c84b1bf8477fda04335405841b66cec7,0xdd9743f6723fc1467d1ea48ba6bdb9a685b83c0b,0.006827775307080116,OCEAN
137,0xe10f6940c84b1bf8477fda04335405841b66cec7,0xc4a02f0734147e191cc8b28dd0ad10c2f27192c0,0.00808919673285207,OCEAN
137,0xe10f6940c84b1bf8477fda04335405841b66cec7,0x5b520e99129194105c465230d3cb6c9e4b172147,0.10451156798925353,OCEAN
137,0xe10f6940c84b1bf8477fda04335405841b66cec7,0xb2c05cc06f3de252fd515f5f1cc5fa184d8cf728,0.06353032193897222,OCEAN
137,0xe10f6940c84b1bf8477fda04335405841b66cec7,0xc11e23434bcfe131c44adfbe1b1a973a7405418c,0.03805055418782473,OCEAN
137,0xe10f6940c84b1bf8477fda04335405841b66cec7,0x1f3bcd409b2b2d88259aca77115e858ea3c65e9c,0.008616199758820579,OCEAN
137,0xe10f6940c84b1bf8477fda04335405841b66cec7,0x64b0012681110fc8aa09f9e0eb29f64ec3010594,0.2645717759545872,OCEAN
137,0xe10f6940c84b1bf8477fda04335405841b66cec7,0xce74a5886ea7a8a675d8fb5fc11a697a23fe1dc8,0.06314237818814761,OCEAN
137,0xe10f6940c84b1bf8477fda04335405841b66cec7,0x4e779926cf83b9d2d6f206b1a77fe52b3a391b45,0.006278174885326509,OCEAN
137,0xe10f6940c84b1bf8477fda04335405841b66cec7,0x5fc94366ef5b670599a35b4c8656ff8c0f29c40d,0.08531463960824981,OCEAN
137,0xe10f6940c84b1bf8477fda04335405841b66cec7,0xe77dabe931b3b5af38cdf796a9ff9b89bf57c36b,0.002641774000839456,OCEAN
137,0xe10f6940c84b1bf8477fda04335405841b66cec7,0x2196b9fe1117df9324108d82dffc849492c23c14,0.012022160749461658,OCEAN
137,0xe10f6940c84b1bf8477fda04335405841b66cec7,0x66de7757e105b1c7602289e37eaf9c8c311f4366,0.0011505799153938047,OCEAN
137,0xe10f6940c84b1bf8477fda04335405841b66cec7,0xe7d6af20bc878ca06258d0cc54fb9407db06e337,0.0009418448506565478,OCEAN
137,0xe10f6940c84b1bf8477fda04335405841b66cec7,0x33311d0ac7fc6d76f9858f708a2a1261d98c3303,0.0006508006589061166,OCEAN
137,0xe10f6940c84b1bf8477fda04335405841b66cec7,0x5a1870d746c45a8c66db40a6faf3dbfdd0378ebb,0.0004084402398986275,OCEAN
137,0xe10f6940c84b1bf8477fda04335405841b66cec7,0x2733e77ac2b145b58b6e46074c01667e8953fab9,0.01716234041516622,OCEAN
137,0xe10f6940c84b1bf8477fda04335405841b66cec7,0xdfe75198b548b8bf2295ccbae6fdf10a3d2798a7,0.0003035513068193572,OCEAN
137,0xe10f6940c84b1bf8477fda04335405841b66cec7,0x4d26f0e78c154f8fda7acf6646246fa135507017,0.12469004325254177,OCEAN
137,0xe10f6940c84b1bf8477fda04335405841b66cec7,0xa7b50d7efdfa787ae2967c0ffd97ca9d8fa2410c,0.018021309262546293,OCEAN
137,0xe10f6940c84b1bf8477fda04335405841b66cec7,0xac1ef6882e050de9b97071e0cb4fa6f734a3b139,0.002986044799692958,OCEAN
137,0xe10f6940c84b1bf8477fda04335405841b66cec7,0x504ec475d27abca384a384b4bf7377ff2be601da,0.022849815887400718,OCEAN
137,0xe10f6940c84b1bf8477fda04335405841b66cec7,0xbb38fd3dd71590139cb4824450be5d3b01431858,0.0005774817399284343,OCEAN
137,0xe10f6940c84b1bf8477fda04335405841b66cec7,0xacba0301033aab5f643a5f88bf24ebd840238df8,0.7812883974329171,OCEAN
137,0xe10f6940c84b1bf8477fda04335405841b66cec7,0x872976a07b1dcc1828b00d514262f3a076eadf91,0.00506736560677944,OCEAN
137,0xe10f6940c84b1bf8477fda04335405841b66cec7,0x5cdc664bcabe8c55699ce7e0e5b5b52dbff3fc44,0.5325121786003882,OCEAN
137,0xe10f6940c84b1bf8477fda04335405841b66cec7,0x4f20e69e7ba5ab2fb2ae25a1d17c93fe5307faa9,0.010716723056055531,OCEAN
137,0xe10f6940c84b1bf8477fda04335405841b66cec7,0x55ce507e0a96e0995ef40db12411c3160b7a9bc2,0.004972749665245613,OCEAN
137,0xe10f6940c84b1bf8477fda04335405841b66cec7,0x0848db7cb495e7b9ada1d4dc972b9a526d014d84,0.10512449452787874,OCEAN
137,0xe10f6940c84b1bf8477fda04335405841b66cec7,0x02ae6dfaffc2c1f410fcad1f36885f6cc8b677d5,0.001278412307444231,OCEAN
137,0xe10f6940c84b1bf8477fda04335405841b66cec7,0x8978be1b2082d10ea95533d2897ddab53afb97e9,0.8408087030532447,OCEAN
137,0xe10f6940c84b1bf8477fda04335405841b66cec7,0x4602f9ed469c6bbdabd7c3708ea01f9d1739941d,0.06373858197034359,OCEAN
137,0xe10f6940c84b1bf8477fda04335405841b66cec7,0xcfd1d657f820404fedb594e5b0981a1b03dd6bef,0.20101003639675113,OCEAN
137,0xe10f6940c84b1bf8477fda04335405841b66cec7,0x33b85a77025cd4ba00b4b8ad937f4c222496671b,0.10699636564913025,OCEAN
137,0xe10f6940c84b1bf8477fda04335405841b66cec7,0x28f39db34bd36ba5dc9009015f67a57f90748422,0.012713146621929926,OCEAN
137,0xe10f6940c84b1bf8477fda04335405841b66cec7,0x1758bc68a87abfede6a213666d15c028f2708b2b,0.002549201431494506,OCEAN
137,0xe10f6940c84b1bf8477fda04335405841b66cec7,0x5af06f87e079026ae72eb1222c87da3d0418d8fb,0.0006787482294122543,OCEAN
137,0xe10f6940c84b1bf8477fda04335405841b66cec7,0xf062d1b3f658ad32f7896a76807b05ba7a9e7720,0.8732362722383659,OCEAN
137,0xe10f6940c84b1bf8477fda04335405841b66cec7,0x406f9cebad0f873e89cfaa75b2b49286f02f360a,0.0002601598042854745,OCEAN
137,0xe10f6940c84b1bf8477fda04335405841b66cec7,0x9c3fe0de3557bb91daa1863a60444e3749672d9b,0.005457422488171789,OCEAN
137,0xe10f6940c84b1bf8477fda04335405841b66cec7,0xab52e0195b52c651c5625a1dd6496cabf4cda641,0.0022692197020969434,OCEAN
137,0xe10f6940c84b1bf8477fda04335405841b66cec7,0x45bb1b43d178628a436d447e08e3cc044c737534,0.03762907881347181,OCEAN
137,0xe10f6940c84b1bf8477fda04335405841b66cec7,0xa78b390f3446d57cbfa705793bfc8b1c264d73a5,0.007190226692695249,OCEAN
137,0xe10f6940c84b1bf8477fda04335405841b66cec7,0x7c28328f90a74fb83d463d359a2aec0d6a3512ee,0.0048461480509027184,OCEAN
137,0xe10f6940c84b1bf8477fda04335405841b66cec7,0x001b71fad769b3cd47fd4c9849c704fdfabf6096,0.015042251057023547,OCEAN
137,0xe10f6940c84b1bf8477fda04335405841b66cec7,0xf48c8f6b16754e3c15c055934a1b3b53c3176e9d,0.011786820961413482,OCEAN
137,0xe10f6940c84b1bf8477fda04335405841b66cec7,0x7c6f4ecf06100d0bd99a2844c2414e290858bced,0.310732766715538,OCEAN
137,0xd0d5d72554cb47d2ec07e0e849c1b8fae6bb5f3a,0xdf8df3c234cc4e223b7eb8260754313eaeb93bdd,0.11689394465789085,OCEAN
137,0xd0d5d72554cb47d2ec07e0e849c1b8fae6bb5f3a,0xd13294fa603d9243fb9aeff338a5639ee1bd6599,417.667835490697,OCEAN
137,0xd0d5d72554cb47d2ec07e0e849c1b8fae6bb5f3a,0xbe96689bcd54811dfda821c972863267b6606607,0.2940561690451556,OCEAN
137,0xd0d5d72554cb47d2ec07e0e849c1b8fae6bb5f3a,0xdbf569b55c210d3062fe5d15575d854dd9b330eb,13.508907202211743,OCEAN
137,0xd0d5d72554cb47d2ec07e0e849c1b8fae6bb5f3a,0x8915e50c8691eb9263f922e8e254510c2e5c74c2,85.46484438379953,OCEAN
137,0xd0d5d72554cb47d2ec07e0e849c1b8fae6bb5f3a,0x7a9fbb28648b7954e4a6dfedd58ffb007eef9b2b,7.742277037812566,OCEAN
137,0xd0d5d72554cb47d2ec07e0e849c1b8fae6bb5f3a,0xfaaeb84475546c25fd711917ff8400cf8a9e65d2,305.9099165415211,OCEAN
137,0xd0d5d72554cb47d2ec07e0e849c1b8fae6bb5f3a,0xce74a5886ea7a8a675d8fb5fc11a697a23fe1dc8,56.15246796117044,OCEAN
137,0xd0d5d72554cb47d2ec07e0e849c1b8fae6bb5f3a,0x4ab8e275379d57520f09af5b55e650911d3ab81e,339.9617680483324,OCEAN
137,0xd0d5d72554cb47d2ec07e0e849c1b8fae6bb5f3a,0x2196b9fe1117df9324108d82dffc849492c23c14,7.63664159452292,OCEAN
137,0xd0d5d72554cb47d2ec07e0e849c1b8fae6bb5f3a,0xe7d6af20bc878ca06258d0cc54fb9407db06e337,0.5583879302454751,OCEAN
137,0xd0d5d72554cb47d2ec07e0e849c1b8fae6bb5f3a,0xe0dc24a3d7478eb840dc63baa20fcb06cdb123be,759.89638547969,OCEAN
137,0xd0d5d72554cb47d2ec07e0e849c1b8fae6bb5f3a,0x006d559fc29090589d02fb71d4142aa58b030013,0.15273283189045836,OCEAN
137,0xd0d5d72554cb47d2ec07e0e849c1b8fae6bb5f3a,0x9b5ff12337065596487ae9d35745cc66bf76d23c,156.25749374618846,OCEAN
137,0xd0d5d72554cb47d2ec07e0e849c1b8fae6bb5f3a,0x504ec475d27abca384a384b4bf7377ff2be601da,20.320323550574734,OCEAN
137,0xd0d5d72554cb47d2ec07e0e849c1b8fae6bb5f3a,0x4f20e69e7ba5ab2fb2ae25a1d17c93fe5307faa9,9.530373503842029,OCEAN
137,0xd0d5d72554cb47d2ec07e0e849c1b8fae6bb5f3a,0x28f39db34bd36ba5dc9009015f67a57f90748422,11.305791432917287,OCEAN
137,0xd0d5d72554cb47d2ec07e0e849c1b8fae6bb5f3a,0x1fac06467b7d9c3a9361f42ab7bd09e6a5719ec7,611.5565067899051,OCEAN
137,0xd0d5d72554cb47d2ec07e0e849c1b8fae6bb5f3a,0x8475b523b5fa2db7b77eb5f14edabdefc2102698,303.5197938862881,OCEAN
137,0xd0d5d72554cb47d2ec07e0e849c1b8fae6bb5f3a,0xa78b390f3446d57cbfa705793bfc8b1c264d73a5,1.9893262736368074,OCEAN
137,0xd0d5d72554cb47d2ec07e0e849c1b8fae6bb5f3a,0x7c28328f90a74fb83d463d359a2aec0d6a3512ee,4.30967570389174,OCEAN
137,0xd0d5d72554cb47d2ec07e0e849c1b8fae6bb5f3a,0xf48c8f6b16754e3c15c055934a1b3b53c3176e9d,10.482010741306853,OCEAN
137,0x21457717da4d370ea16a8eaa3cb46ba2f9797ab4,0xd13294fa603d9243fb9aeff338a5639ee1bd6599,417.667835490697,OCEAN
137,0x21457717da4d370ea16a8eaa3cb46ba2f9797ab4,0xd8a7b5f1bf69b66a1ba464af5c6adba17c120eec,27.807307361526103,OCEAN
137,0x21457717da4d370ea16a8eaa3cb46ba2f9797ab4,0xbe96689bcd54811dfda821c972863267b6606607,0.2940561690451556,OCEAN
137,0x21457717da4d370ea16a8eaa3cb46ba2f9797ab4,0xdbf569b55c210d3062fe5d15575d854dd9b330eb,13.508907202211743,OCEAN
137,0x21457717da4d370ea16a8eaa3cb46ba2f9797ab4,0xfaaeb84475546c25fd711917ff8400cf8a9e65d2,305.9099165415211,OCEAN
137,0x21457717da4d370ea16a8eaa3cb46ba2f9797ab4,0xb2c05cc06f3de252fd515f5f1cc5fa184d8cf728,56.49746603796136,OCEAN
137,0x21457717da4d370ea16a8eaa3cb46ba2f9797ab4,0xc11e23434bcfe131c44adfbe1b1a973a7405418c,33.83832833426082,OCEAN
137,0x21457717da4d370ea16a8eaa3cb46ba2f9797ab4,0x64b0012681110fc8aa09f9e0eb29f64ec3010594,150.42713988419356,OCEAN
137,0x21457717da4d370ea16a8eaa3cb46ba2f9797ab4,0x4ab8e275379d57520f09af5b55e650911d3ab81e,339.9617680483324,OCEAN
137,0x21457717da4d370ea16a8eaa3cb46ba2f9797ab4,0xe0dc24a3d7478eb840dc63baa20fcb06cdb123be,759.89638547969,OCEAN
137,0x21457717da4d370ea16a8eaa3cb46ba2f9797ab4,0x33311d0ac7fc6d76f9858f708a2a1261d98c3303,0.5787565213245957,OCEAN
137,0x21457717da4d370ea16a8eaa3cb46ba2f9797ab4,0xdfe75198b548b8bf2295ccbae6fdf10a3d2798a7,0.26994794177620796,OCEAN
137,0x21457717da4d370ea16a8eaa3cb46ba2f9797ab4,0x9b5ff12337065596487ae9d35745cc66bf76d23c,156.25749374618846,OCEAN
137,0x21457717da4d370ea16a8eaa3cb46ba2f9797ab4,0x4f20e69e7ba5ab2fb2ae25a1d17c93fe5307faa9,9.530373503842029,OCEAN
137,0x21457717da4d370ea16a8eaa3cb46ba2f9797ab4,0x02ae6dfaffc2c1f410fcad1f36885f6cc8b677d5,1.136891073710034,OCEAN
137,0x21457717da4d370ea16a8eaa3cb46ba2f9797ab4,0x28f39db34bd36ba5dc9009015f67a57f90748422,11.305791432917287,OCEAN
137,0x21457717da4d370ea16a8eaa3cb46ba2f9797ab4,0xcbe01d855ebc3c06383c3752dce518625d695b4c,62.47383755647309,OCEAN
137,0x21457717da4d370ea16a8eaa3cb46ba2f9797ab4,0x406f9cebad0f873e89cfaa75b2b49286f02f360a,0.23135991221924948,OCEAN
137,0x21457717da4d370ea16a8eaa3cb46ba2f9797ab4,0x1fac06467b7d9c3a9361f42ab7bd09e6a5719ec7,611.5565067899051,OCEAN
137,0x21457717da4d370ea16a8eaa3cb46ba2f9797ab4,0x94f6f9ab0771f190c6b43706c01eb81f90f566d4,5.5104076165207845,OCEAN
137,0x21457717da4d370ea16a8eaa3cb46ba2f9797ab4,0x8475b523b5fa2db7b77eb5f14edabdefc2102698,303.5197938862881,OCEAN
137,0x21457717da4d370ea16a8eaa3cb46ba2f9797ab4,0xa78b390f3446d57cbfa705793bfc8b1c264d73a5,1.9893262736368074,OCEAN
137,0x21457717da4d370ea16a8eaa3cb46ba2f9797ab4,0x7c28328f90a74fb83d463d359a2aec0d6a3512ee,4.30967570389174,OCEAN
137,0x21457717da4d370ea16a8eaa3cb46ba2f9797ab4,0xf48c8f6b16754e3c15c055934a1b3b53c3176e9d,10.482010741306853,OCEAN
137,0x21457717da4d370ea16a8eaa3cb46ba2f9797ab4,0x46f69ffdb3eab2b9d108d2d81dca7c2ca018c91c,5.163709372609873,OCEAN
137,0xaa8af64ee67bc318d513a6562f096db7fcd5233b,0x5f148fa6a7fe1f282341c8fc54b781e42b09a518,247.10515628432557,OCEAN
137,0xaa8af64ee67bc318d513a6562f096db7fcd5233b,0x0e0bab764f38d63abf08680a50b33718c98b90e6,83.37654746333759,OCEAN
137,0xaa8af64ee67bc318d513a6562f096db7fcd5233b,0x663052ad99b85a8c35040c4fd1cc87620f4b61f1,2803.9894786857863,OCEAN
137,0xaa8af64ee67bc318d513a6562f096db7fcd5233b,0x054efb6d55466ba2ffb4133f39ae67985a314bed,42.471530710418,OCEAN
137,0xaa8af64ee67bc318d513a6562f096db7fcd5233b,0xdbf569b55c210d3062fe5d15575d854dd9b330eb,50.41717152254026,OCEAN
137,0xaa8af64ee67bc318d513a6562f096db7fcd5233b,0x655efe6eb2021b8cefe22794d90293aec37bb325,3032.63064909171,OCEAN
137,0xaa8af64ee67bc318d513a6562f096db7fcd5233b,0xe3a95077191f4a877b1fdd53866eea3a49d249d1,0.5539766252662159,OCEAN
137,0xaa8af64ee67bc318d513a6562f096db7fcd5233b,0xa911ccf5f6c7bd5fb25188d41a536890c3c8fae5,598.9844804704422,OCEAN
137,0xaa8af64ee67bc318d513a6562f096db7fcd5233b,0x7996756d47cca280637279346854aef4405cb882,16.69255013578549,OCEAN
137,0xaa8af64ee67bc318d513a6562f096db7fcd5233b,0x31de8032504db7adbd94216ea583a1cd600b05d4,17.616607749365635,OCEAN
137,0xaa8af64ee67bc318d513a6562f096db7fcd5233b,0x904d5d363a821ae8cde75802fcaac65ae4758857,15.368680312295664,OCEAN
137,0xaa8af64ee67bc318d513a6562f096db7fcd5233b,0xc76357b8a519e617e3fd76494c9e8538930d6078,44.26338010864381,OCEAN
137,0xaa8af64ee67bc318d513a6562f096db7fcd5233b,0xdd9743f6723fc1467d1ea48ba6bdb9a685b83c0b,23.573395817115564,OCEAN
137,0xaa8af64ee67bc318d513a6562f096db7fcd5233b,0x05b2716d750f50c4fcd2110c5bff3f74bf0910e6,0.46574580304847035,OCEAN
137,0xaa8af64ee67bc318d513a6562f096db7fcd5233b,0x5b520e99129194105c465230d3cb6c9e4b172147,199.1615493707192,OCEAN
137,0xaa8af64ee67bc318d513a6562f096db7fcd5233b,0x291f34a777edbba13554f72e79d74862f5e824e2,160.76070288317558,OCEAN
137,0xaa8af64ee67bc318d513a6562f096db7fcd5233b,0x1ddb98275a09552b5be11e8e3118684ed6a809fc,19.547020804228296,OCEAN
137,0xaa8af64ee67bc318d513a6562f096db7fcd5233b,0x44091f0b9619cf836e0f03a49f8c959e2993bd20,11.653189245393826,OCEAN
137,0xaa8af64ee67bc318d513a6562f096db7fcd5233b,0x1e2394b6b88f9329127d98347f6e696e4af33e13,0.3853168536140435,OCEAN
137,0xaa8af64ee67bc318d513a6562f096db7fcd5233b,0xeb18bad7365a40e36a41fb8734eb0b855d13b74f,141.56149453933844,OCEAN
137,0xaa8af64ee67bc318d513a6562f096db7fcd5233b,0x64b0012681110fc8aa09f9e0eb29f64ec3010594,150.42713988419356,OCEAN
137,0xaa8af64ee67bc318d513a6562f096db7fcd5233b,0xce74a5886ea7a8a675d8fb5fc11a697a23fe1dc8,518.3304734877272,OCEAN
137,0xaa8af64ee67bc318d513a6562f096db7fcd5233b,0x506d48b2e55073b412f56378b58cb4025411a597,7.524429523306699,OCEAN
137,0xaa8af64ee67bc318d513a6562f096db7fcd5233b,0xb1e24789311f14b6270b2b4ed11a768bf9b547ff,1673.1755305333559,OCEAN
137,0xaa8af64ee67bc318d513a6562f096db7fcd5233b,0x2017ade0a289de891ca7e733513b264cfec2c8ce,13.525027308969744,OCEAN
137,0xaa8af64ee67bc318d513a6562f096db7fcd5233b,0x847b4092a678263ed08d0eeb98e9b0844d6df3fd,0.7302590143593028,OCEAN
137,0xaa8af64ee67bc318d513a6562f096db7fcd5233b,0x80d221b17bdc13c910d54ea85909269bae2ae08f,41.77761251657221,OCEAN
137,0xaa8af64ee67bc318d513a6562f096db7fcd5233b,0x5c167ddca47bb41a4511bd847962d8e849bc7bf6,19.61659189469361,OCEAN
137,0xaa8af64ee67bc318d513a6562f096db7fcd5233b,0x5a1870d746c45a8c66db40a6faf3dbfdd0378ebb,2.8203398646653817,OCEAN
137,0xaa8af64ee67bc318d513a6562f096db7fcd5233b,0xd1fba4e426b85dc4256a991af3c7808e69689e3b,13.103309159975284,OCEAN
137,0xaa8af64ee67bc318d513a6562f096db7fcd5233b,0xa7b50d7efdfa787ae2967c0ffd97ca9d8fa2410c,147.93541249096907,OCEAN
137,0xaa8af64ee67bc318d513a6562f096db7fcd5233b,0xac1ef6882e050de9b97071e0cb4fa6f734a3b139,28.76777935354833,OCEAN
137,0xaa8af64ee67bc318d513a6562f096db7fcd5233b,0x0d04e73d950ff53e586da588c43bb3ac5ae53872,15.05992694801566,OCEAN
137,0xaa8af64ee67bc318d513a6562f096db7fcd5233b,0x5d2b315c465e133a346c960f46f5aa1ed88a3179,66.38355395756236,OCEAN
137,0xaa8af64ee67bc318d513a6562f096db7fcd5233b,0xcd2e9293bf8887bfb61c30740b728f3ad734c3f5,689.6620389917175,OCEAN
137,0xaa8af64ee67bc318d513a6562f096db7fcd5233b,0x7473a74cb6376e43209eb122f83cbc3ed8de58fe,98.36609669489766,OCEAN
137,0xaa8af64ee67bc318d513a6562f096db7fcd5233b,0xcf8a4b99640defaf99acae9d770dec9dff37927d,3099.1752831461918,OCEAN
137,0xaa8af64ee67bc318d513a6562f096db7fcd5233b,0x8978be1b2082d10ea95533d2897ddab53afb97e9,1682.3936872114716,OCEAN
137,0xaa8af64ee67bc318d513a6562f096db7fcd5233b,0x06a2006ca85813e652506b865e590f44eae3928a,7.090597886858475,OCEAN
137,0xaa8af64ee67bc318d513a6562f096db7fcd5233b,0x4602f9ed469c6bbdabd7c3708ea01f9d1739941d,81.62304699221559,OCEAN
137,0xaa8af64ee67bc318d513a6562f096db7fcd5233b,0x2cf0a4b23a0015b161aa072292852b52f55eb95a,0.4920282570295664,OCEAN
137,0xaa8af64ee67bc318d513a6562f096db7fcd5233b,0x89df4da80b46ab143c5aee3ab8fa4176a1822251,223.7039730942487,OCEAN
137,0xaa8af64ee67bc318d513a6562f096db7fcd5233b,0x33b85a77025cd4ba00b4b8ad937f4c222496671b,66.60624950362684,OCEAN
137,0xaa8af64ee67bc318d513a6562f096db7fcd5233b,0x28f39db34bd36ba5dc9009015f67a57f90748422,43.966966683567236,OCEAN
137,0xaa8af64ee67bc318d513a6562f096db7fcd5233b,0x53a1f52e5c6edb497181da76e2cd67da619dfaa4,52.42259146198847,OCEAN
137,0xaa8af64ee67bc318d513a6562f096db7fcd5233b,0xf0a8802509421df907188434d4fc230cf9271672,9199.635081833012,OCEAN
137,0xaa8af64ee67bc318d513a6562f096db7fcd5233b,0xf062d1b3f658ad32f7896a76807b05ba7a9e7720,768.802656383236,OCEAN
137,0xaa8af64ee67bc318d513a6562f096db7fcd5233b,0x94f6f9ab0771f190c6b43706c01eb81f90f566d4,27.552038082603925,OCEAN
137,0xaa8af64ee67bc318d513a6562f096db7fcd5233b,0x8475b523b5fa2db7b77eb5f14edabdefc2102698,8703.383537573685,OCEAN
137,0xaa8af64ee67bc318d513a6562f096db7fcd5233b,0xa78b390f3446d57cbfa705793bfc8b1c264d73a5,2.9839894104552114,OCEAN
137,0xaa8af64ee67bc318d513a6562f096db7fcd5233b,0x4ac8e3fd41c06499fc63427ec3ae9d86d46d9d71,36.94333436362819,OCEAN
137,0xaa8af64ee67bc318d513a6562f096db7fcd5233b,0x7c28328f90a74fb83d463d359a2aec0d6a3512ee,4.30967570389174,OCEAN
137,0xaa8af64ee67bc318d513a6562f096db7fcd5233b,0x7328eada6ff1e0974309f7d8f062101ce25c36bc,127.56017653386264,OCEAN
137,0x9723488dc1524849a82917a61a38bbe24a8219c1,0xd8a7b5f1bf69b66a1ba464af5c6adba17c120eec,0.007421127425386894,OCEAN
137,0x9723488dc1524849a82917a61a38bbe24a8219c1,0xc07c6c07b44e5a35105e63294ab799d8baaae502,0.01903909060514862,OCEAN
137,0x9723488dc1524849a82917a61a38bbe24a8219c1,0xfefe74202c45c34045ac4a3270a2ce84629109b0,0.023338259515872806,OCEAN
137,0x9723488dc1524849a82917a61a38bbe24a8219c1,0xf52af95978b51a48f65d9e899333903f000b4a8b,0.00022049194332176094,OCEAN
137,0x9723488dc1524849a82917a61a38bbe24a8219c1,0x33311d0ac7fc6d76f9858f708a2a1261d98c3303,0.00015445673459797202,OCEAN
137,0x9723488dc1524849a82917a61a38bbe24a8219c1,0xfb7c11485f446f9bc0066a539fc391bfbd9a5759,0.0019644694627266664,OCEAN
137,0x9723488dc1524849a82917a61a38bbe24a8219c1,0xd1fba4e426b85dc4256a991af3c7808e69689e3b,0.0012433672050449164,OCEAN
137,0x9723488dc1524849a82917a61a38bbe24a8219c1,0x8ed4877c476df391b77c1827184c072640924266,0.003975532986225375,OCEAN
137,0x9723488dc1524849a82917a61a38bbe24a8219c1,0x06a2006ca85813e652506b865e590f44eae3928a,0.0007475818825649691,OCEAN
137,0x9723488dc1524849a82917a61a38bbe24a8219c1,0xfb34b8450bb7d02986536f76628d39a092916c3d,0.0011764853447457399,OCEAN
137,0x9723488dc1524849a82917a61a38bbe24a8219c1,0x406f9cebad0f873e89cfaa75b2b49286f02f360a,6.174461149305424e-05,OCEAN
137,0x9723488dc1524849a82917a61a38bbe24a8219c1,0x034e1f7a66b582b68e511b325ed0ccb71bb4bc12,0.0030311965770228465,OCEAN
137,0x9723488dc1524849a82917a61a38bbe24a8219c1,0x73f71c902630b72bab8e42a1b92bb75e20be9185,0.001900085191120803,OCEAN
137,0x9723488dc1524849a82917a61a38bbe24a8219c1,0x4112111874dd89d82d50b25d947de2fe937aa80d,0.0018665638074323618,OCEAN
137,0xc8bf9f20fc169c3d74f0ec3ba1cd933b8beaafaf,0xd8a7b5f1bf69b66a1ba464af5c6adba17c120eec,0.0776581890130094,OCEAN
137,0xc8bf9f20fc169c3d74f0ec3ba1cd933b8beaafaf,0x8e0d1207e312a1761319825882209f0c737f24fc,0.18052623935367854,OCEAN
137,0xc8bf9f20fc169c3d74f0ec3ba1cd933b8beaafaf,0xbe96689bcd54811dfda821c972863267b6606607,0.0008212182955817436,OCEAN
137,0xc8bf9f20fc169c3d74f0ec3ba1cd933b8beaafaf,0x663052ad99b85a8c35040c4fd1cc87620f4b61f1,2.7842752694253745,OCEAN
137,0xc8bf9f20fc169c3d74f0ec3ba1cd933b8beaafaf,0x8915e50c8691eb9263f922e8e254510c2e5c74c2,0.23867988916853866,OCEAN
137,0xc8bf9f20fc169c3d74f0ec3ba1cd933b8beaafaf,0xc3fa54ee9eb7e4e5c746088b86df940b9352bfd6,0.04160185836664136,OCEAN
137,0xc8bf9f20fc169c3d74f0ec3ba1cd933b8beaafaf,0xb2c05cc06f3de252fd515f5f1cc5fa184d8cf728,0.15778193980775604,OCEAN
137,0xc8bf9f20fc169c3d74f0ec3ba1cd933b8beaafaf,0xc11e23434bcfe131c44adfbe1b1a973a7405418c,0.09450117781997573,OCEAN
137,0xc8bf9f20fc169c3d74f0ec3ba1cd933b8beaafaf,0xce74a5886ea7a8a675d8fb5fc11a697a23fe1dc8,0.15681845472420483,OCEAN
137,0xc8bf9f20fc169c3d74f0ec3ba1cd933b8beaafaf,0x5fc94366ef5b670599a35b4c8656ff8c0f29c40d,0.21188479643342792,OCEAN
137,0xc8bf9f20fc169c3d74f0ec3ba1cd933b8beaafaf,0xe77dabe931b3b5af38cdf796a9ff9b89bf57c36b,0.003936616850012668,OCEAN
137,0xc8bf9f20fc169c3d74f0ec3ba1cd933b8beaafaf,0x5a1870d746c45a8c66db40a6faf3dbfdd0378ebb,0.0010143895289662882,OCEAN
137,0xc8bf9f20fc169c3d74f0ec3ba1cd933b8beaafaf,0x2733e77ac2b145b58b6e46074c01667e8953fab9,0.06819817132227889,OCEAN
137,0xc8bf9f20fc169c3d74f0ec3ba1cd933b8beaafaf,0xdfe75198b548b8bf2295ccbae6fdf10a3d2798a7,0.0007538906235536752,OCEAN
137,0xc8bf9f20fc169c3d74f0ec3ba1cd933b8beaafaf,0x8d0b972a80076cc82bfe23e1a57d33d1c3a6759c,0.11640009399230357,OCEAN
137,0xc8bf9f20fc169c3d74f0ec3ba1cd933b8beaafaf,0xac1ef6882e050de9b97071e0cb4fa6f734a3b139,0.007416048376096726,OCEAN
137,0xc8bf9f20fc169c3d74f0ec3ba1cd933b8beaafaf,0x504ec475d27abca384a384b4bf7377ff2be601da,0.056749094997935616,OCEAN
137,0xc8bf9f20fc169c3d74f0ec3ba1cd933b8beaafaf,0x5cdc664bcabe8c55699ce7e0e5b5b52dbff3fc44,1.3225307529770527,OCEAN
137,0xc8bf9f20fc169c3d74f0ec3ba1cd933b8beaafaf,0xcfd1d657f820404fedb594e5b0981a1b03dd6bef,0.4992223003996969,OCEAN
137,0xc8bf9f20fc169c3d74f0ec3ba1cd933b8beaafaf,0x28f39db34bd36ba5dc9009015f67a57f90748422,0.03157397717888813,OCEAN
137,0xc8bf9f20fc169c3d74f0ec3ba1cd933b8beaafaf,0x406f9cebad0f873e89cfaa75b2b49286f02f360a,0.0006461248318495836,OCEAN
137,0xc8bf9f20fc169c3d74f0ec3ba1cd933b8beaafaf,0x7c28328f90a74fb83d463d359a2aec0d6a3512ee,0.01203574319679226,OCEAN
137,0xc8bf9f20fc169c3d74f0ec3ba1cd933b8beaafaf,0xf48c8f6b16754e3c15c055934a1b3b53c3176e9d,0.02927338346002762,OCEAN
137,0xc8bf9f20fc169c3d74f0ec3ba1cd933b8beaafaf,0x46f69ffdb3eab2b9d108d2d81dca7c2ca018c91c,0.02884165038008758,OCEAN
137,0x12c79518e69339849ec646cdaf491c25e9c73238,0x8e0d1207e312a1761319825882209f0c737f24fc,0.1005640784567038,OCEAN
137,0x12c79518e69339849ec646cdaf491c25e9c73238,0xbe96689bcd54811dfda821c972863267b6606607,0.00045746846221709776,OCEAN
137,0x12c79518e69339849ec646cdaf491c25e9c73238,0x663052ad99b85a8c35040c4fd1cc87620f4b61f1,1.55101041068603,OCEAN
137,0x12c79518e69339849ec646cdaf491c25e9c73238,0xdbf569b55c210d3062fe5d15575d854dd9b330eb,0.06755158767415453,OCEAN
137,0x12c79518e69339849ec646cdaf491c25e9c73238,0xc4a02f0734147e191cc8b28dd0ad10c2f27192c0,0.01119139374495729,OCEAN
137,0x12c79518e69339849ec646cdaf491c25e9c73238,0xc11e23434bcfe131c44adfbe1b1a973a7405418c,0.05264289498614267,OCEAN
137,0x12c79518e69339849ec646cdaf491c25e9c73238,0x64b0012681110fc8aa09f9e0eb29f64ec3010594,0.23402220256760156,OCEAN
137,0x12c79518e69339849ec646cdaf491c25e9c73238,0xce74a5886ea7a8a675d8fb5fc11a697a23fe1dc8,0.08735740267345596,OCEAN
137,0x12c79518e69339849ec646cdaf491c25e9c73238,0x6894ff417db1e8cd9756a456d977cdf8817bb4b0,4.079666949821853e-05,OCEAN
137,0x12c79518e69339849ec646cdaf491c25e9c73238,0x506d48b2e55073b412f56378b58cb4025411a597,0.011705890117066239,OCEAN
137,0x12c79518e69339849ec646cdaf491c25e9c73238,0x4e779926cf83b9d2d6f206b1a77fe52b3a391b45,0.008685847243156169,OCEAN
137,0x12c79518e69339849ec646cdaf491c25e9c73238,0x5fc94366ef5b670599a35b4c8656ff8c0f29c40d,0.11803269911676567,OCEAN
137,0x12c79518e69339849ec646cdaf491c25e9c73238,0xe77dabe931b3b5af38cdf796a9ff9b89bf57c36b,0.0036548910856024483,OCEAN
137,0x12c79518e69339849ec646cdaf491c25e9c73238,0x2196b9fe1117df9324108d82dffc849492c23c14,0.011880460451122371,OCEAN
137,0x12c79518e69339849ec646cdaf491c25e9c73238,0x66de7757e105b1c7602289e37eaf9c8c311f4366,0.0015918258998346444,OCEAN
137,0x12c79518e69339849ec646cdaf491c25e9c73238,0x968198e1d5a2c38f735b61c4d14d11b5c3c23d65,0.0022668125525552615,OCEAN
137,0x12c79518e69339849ec646cdaf491c25e9c73238,0x33311d0ac7fc6d76f9858f708a2a1261d98c3303,0.0009003819122999676,OCEAN
137,0x12c79518e69339849ec646cdaf491c25e9c73238,0x5a1870d746c45a8c66db40a6faf3dbfdd0378ebb,0.0005650765702639448,OCEAN
137,0x12c79518e69339849ec646cdaf491c25e9c73238,0xdfe75198b548b8bf2295ccbae6fdf10a3d2798a7,0.0004199628601706663,OCEAN
137,0x12c79518e69339849ec646cdaf491c25e9c73238,0x006d559fc29090589d02fb71d4142aa58b030013,0.00023760920902244742,OCEAN
137,0x12c79518e69339849ec646cdaf491c25e9c73238,0x4d26f0e78c154f8fda7acf6646246fa135507017,0.17773605265935397,OCEAN
137,0x12c79518e69339849ec646cdaf491c25e9c73238,0xa7b50d7efdfa787ae2967c0ffd97ca9d8fa2410c,0.049864918462847754,OCEAN
137,0x12c79518e69339849ec646cdaf491c25e9c73238,0x8d0b972a80076cc82bfe23e1a57d33d1c3a6759c,0.0648419211884014,OCEAN
137,0x12c79518e69339849ec646cdaf491c25e9c73238,0xac1ef6882e050de9b97071e0cb4fa6f734a3b139,0.00413118931299172,OCEAN
137,0x12c79518e69339849ec646cdaf491c25e9c73238,0x504ec475d27abca384a384b4bf7377ff2be601da,0.03161269221666222,OCEAN
137,0x12c79518e69339849ec646cdaf491c25e9c73238,0x5cdc664bcabe8c55699ce7e0e5b5b52dbff3fc44,0.7367299450758641,OCEAN
137,0x12c79518e69339849ec646cdaf491c25e9c73238,0x4f20e69e7ba5ab2fb2ae25a1d17c93fe5307faa9,0.014826573186048969,OCEAN
137,0x12c79518e69339849ec646cdaf491c25e9c73238,0x55ce507e0a96e0995ef40db12411c3160b7a9bc2,0.006879793054463958,OCEAN
137,0x12c79518e69339849ec646cdaf491c25e9c73238,0x0848db7cb495e7b9ada1d4dc972b9a526d014d84,0.14543960906811756,OCEAN
137,0x12c79518e69339849ec646cdaf491c25e9c73238,0x02ae6dfaffc2c1f410fcad1f36885f6cc8b677d5,0.0011791212381573,OCEAN
137,0x12c79518e69339849ec646cdaf491c25e9c73238,0x8978be1b2082d10ea95533d2897ddab53afb97e9,1.1632578080145224,OCEAN
137,0x12c79518e69339849ec646cdaf491c25e9c73238,0x4602f9ed469c6bbdabd7c3708ea01f9d1739941d,0.08818224987388193,OCEAN
137,0x12c79518e69339849ec646cdaf491c25e9c73238,0xcfd1d657f820404fedb594e5b0981a1b03dd6bef,0.2780971384795441,OCEAN
137,0x12c79518e69339849ec646cdaf491c25e9c73238,0x28f39db34bd36ba5dc9009015f67a57f90748422,0.01758862273748008,OCEAN
137,0x12c79518e69339849ec646cdaf491c25e9c73238,0x1758bc68a87abfede6a213666d15c028f2708b2b,0.0035268170496089613,OCEAN
137,0x12c79518e69339849ec646cdaf491c25e9c73238,0x406f9cebad0f873e89cfaa75b2b49286f02f360a,0.0003599307697073681,OCEAN
137,0x12c79518e69339849ec646cdaf491c25e9c73238,0x8686a47d83984f77162081149e30d104c750ae14,0.004557737331671338,OCEAN
137,0x12c79518e69339849ec646cdaf491c25e9c73238,0xa78b390f3446d57cbfa705793bfc8b1c264d73a5,0.009947669798492232,OCEAN
137,0x12c79518e69339849ec646cdaf491c25e9c73238,0x7c28328f90a74fb83d463d359a2aec0d6a3512ee,0.006704639876509412,OCEAN
137,0x12c79518e69339849ec646cdaf491c25e9c73238,0xf48c8f6b16754e3c15c055934a1b3b53c3176e9d,0.016307052323844946,OCEAN
137,0x12c79518e69339849ec646cdaf491c25e9c73238,0x46f69ffdb3eab2b9d108d2d81dca7c2ca018c91c,0.016066550779698867,OCEAN
137,0xca63894b1c911515f1c034be3509afc008b42d83,0xbe96689bcd54811dfda821c972863267b6606607,0.0102779731688698,OCEAN
137,0xca63894b1c911515f1c034be3509afc008b42d83,0xc3fa54ee9eb7e4e5c746088b86df940b9352bfd6,1.0413376963662646,OCEAN
137,0xca63894b1c911515f1c034be3509afc008b42d83,0xce74a5886ea7a8a675d8fb5fc11a697a23fe1dc8,1.9626643472394063,OCEAN
137,0xca63894b1c911515f1c034be3509afc008b42d83,0x2196b9fe1117df9324108d82dffc849492c23c14,0.26691906401300075,OCEAN
137,0xca63894b1c911515f1c034be3509afc008b42d83,0x2733e77ac2b145b58b6e46074c01667e8953fab9,0.21338387697507072,OCEAN
137,0xca63894b1c911515f1c034be3509afc008b42d83,0x006d559fc29090589d02fb71d4142aa58b030013,0.005338381280260014,OCEAN
137,0xca63894b1c911515f1c034be3509afc008b42d83,0x504ec475d27abca384a384b4bf7377ff2be601da,0.7102443758066124,OCEAN
137,0xca63894b1c911515f1c034be3509afc008b42d83,0x4f20e69e7ba5ab2fb2ae25a1d17c93fe5307faa9,0.333109567059463,OCEAN
137,0xca63894b1c911515f1c034be3509afc008b42d83,0x28f39db34bd36ba5dc9009015f67a57f90748422,0.592747066203454,OCEAN
137,0xca63894b1c911515f1c034be3509afc008b42d83,0x406f9cebad0f873e89cfaa75b2b49286f02f360a,0.008086587599447245,OCEAN
137,0xca63894b1c911515f1c034be3509afc008b42d83,0x8686a47d83984f77162081149e30d104c750ae14,0.10239897583025878,OCEAN
137,0xca63894b1c911515f1c034be3509afc008b42d83,0xf48c8f6b16754e3c15c055934a1b3b53c3176e9d,0.36637158643800855,OCEAN
137,0xfb36bfee83c3724b46d70833b740854052b225a3,0xbe96689bcd54811dfda821c972863267b6606607,0.002293971639564725,OCEAN
137,0xfb36bfee83c3724b46d70833b740854052b225a3,0xc3fa54ee9eb7e4e5c746088b86df940b9352bfd6,0.2324192818394518,OCEAN
137,0xfb36bfee83c3724b46d70833b740854052b225a3,0xce74a5886ea7a8a675d8fb5fc11a697a23fe1dc8,0.4380529387047524,OCEAN
137,0xfb36bfee83c3724b46d70833b740854052b225a3,0x006d559fc29090589d02fb71d4142aa58b030013,0.0011914893196249045,OCEAN
137,0xfb36bfee83c3724b46d70833b740854052b225a3,0xac1ef6882e050de9b97071e0cb4fa6f734a3b139,0.020715813010905502,OCEAN
137,0xfb36bfee83c3724b46d70833b740854052b225a3,0x504ec475d27abca384a384b4bf7377ff2be601da,0.1585215711785985,OCEAN
137,0xfb36bfee83c3724b46d70833b740854052b225a3,0x5cdc664bcabe8c55699ce7e0e5b5b52dbff3fc44,3.694325925401345,OCEAN
137,0xfb36bfee83c3724b46d70833b740854052b225a3,0x4f20e69e7ba5ab2fb2ae25a1d17c93fe5307faa9,0.07434772276080184,OCEAN
137,0xfb36bfee83c3724b46d70833b740854052b225a3,0x28f39db34bd36ba5dc9009015f67a57f90748422,0.08819799630173193,OCEAN
137,0xfb36bfee83c3724b46d70833b740854052b225a3,0xc4c1a4cf7abdd8448fcb751f2cef65962e49d193,0.04972610534955081,OCEAN
137,0xfb36bfee83c3724b46d70833b740854052b225a3,0x45bb1b43d178628a436d447e08e3cc044c737534,0.2610533373620725,OCEAN
137,0xfb36bfee83c3724b46d70833b740854052b225a3,0xf48c8f6b16754e3c15c055934a1b3b53c3176e9d,0.0817715725680909,OCEAN
137,0xb3d1b43b4f8ed8ed23868987e7a6fe64f886de0c,0xbe96689bcd54811dfda821c972863267b6606607,0.0016455722466849024,OCEAN
137,0xb3d1b43b4f8ed8ed23868987e7a6fe64f886de0c,0xc3fa54ee9eb7e4e5c746088b86df940b9352bfd6,0.16672512998548208,OCEAN
137,0xb3d1b43b4f8ed8ed23868987e7a6fe64f886de0c,0xaadf67fb2121a1e1a09ab6674a09bcfd5f09a14e,0.02875246495853377,OCEAN
137,0xb3d1b43b4f8ed8ed23868987e7a6fe64f886de0c,0xc11e23434bcfe131c44adfbe1b1a973a7405418c,0.18936318922294115,OCEAN
137,0xb3d1b43b4f8ed8ed23868987e7a6fe64f886de0c,0xce74a5886ea7a8a675d8fb5fc11a697a23fe1dc8,0.3142356889155274,OCEAN
137,0xb3d1b43b4f8ed8ed23868987e7a6fe64f886de0c,0x2196b9fe1117df9324108d82dffc849492c23c14,0.04273552738795529,OCEAN
137,0xb3d1b43b4f8ed8ed23868987e7a6fe64f886de0c,0xe7d6af20bc878ca06258d0cc54fb9407db06e337,0.0031248032778209687,OCEAN
137,0xb3d1b43b4f8ed8ed23868987e7a6fe64f886de0c,0x2733e77ac2b145b58b6e46074c01667e8953fab9,0.08541046470712238,OCEAN
137,0xb3d1b43b4f8ed8ed23868987e7a6fe64f886de0c,0xdfe75198b548b8bf2295ccbae6fdf10a3d2798a7,0.0015106598255669483,OCEAN
137,0xb3d1b43b4f8ed8ed23868987e7a6fe64f886de0c,0xac1ef6882e050de9b97071e0cb4fa6f734a3b139,0.014860413428968315,OCEAN
137,0xb3d1b43b4f8ed8ed23868987e7a6fe64f886de0c,0x504ec475d27abca384a384b4bf7377ff2be601da,0.11371487490659835,OCEAN
137,0xb3d1b43b4f8ed8ed23868987e7a6fe64f886de0c,0x9851dd8a55cd2b28318c872071523b3bfba08869,0.07200936364870472,OCEAN
137,0xb3d1b43b4f8ed8ed23868987e7a6fe64f886de0c,0x5cdc664bcabe8c55699ce7e0e5b5b52dbff3fc44,2.6501113214296317,OCEAN
137,0xb3d1b43b4f8ed8ed23868987e7a6fe64f886de0c,0x4f20e69e7ba5ab2fb2ae25a1d17c93fe5307faa9,0.05333306962880043,OCEAN
137,0xb3d1b43b4f8ed8ed23868987e7a6fe64f886de0c,0x02ae6dfaffc2c1f410fcad1f36885f6cc8b677d5,0.006362173609470318,OCEAN
137,0xb3d1b43b4f8ed8ed23868987e7a6fe64f886de0c,0xcfd1d657f820404fedb594e5b0981a1b03dd6bef,1.0003507799128937,OCEAN
137,0xb3d1b43b4f8ed8ed23868987e7a6fe64f886de0c,0x28f39db34bd36ba5dc9009015f67a57f90748422,0.06326851318653919,OCEAN
137,0xb3d1b43b4f8ed8ed23868987e7a6fe64f886de0c,0xc4c1a4cf7abdd8448fcb751f2cef65962e49d193,0.03567084156039396,OCEAN
137,0xb3d1b43b4f8ed8ed23868987e7a6fe64f886de0c,0x406f9cebad0f873e89cfaa75b2b49286f02f360a,0.0012947167603376772,OCEAN
137,0xb3d1b43b4f8ed8ed23868987e7a6fe64f886de0c,0x8ada0bdc001a06150eff088b7ad718348a5e53c2,0.012213949438567837,OCEAN
137,0xb3d1b43b4f8ed8ed23868987e7a6fe64f886de0c,0x45bb1b43d178628a436d447e08e3cc044c737534,0.18726566599969363,OCEAN
137,0xb3d1b43b4f8ed8ed23868987e7a6fe64f886de0c,0xf48c8f6b16754e3c15c055934a1b3b53c3176e9d,0.058658541398255236,OCEAN
137,0x70ad4e92329126dd543e0d6ed3ca87260a75e075,0xc07c6c07b44e5a35105e63294ab799d8baaae502,0.014944976403239909,OCEAN
137,0x70ad4e92329126dd543e0d6ed3ca87260a75e075,0xfb34b8450bb7d02986536f76628d39a092916c3d,0.0009234971396810261,OCEAN
137,0x66405cc1876e49ecd3f9771b030046f5f328892a,0xda7f8df9c6bae04fbe2b3ef3d546b0a00d56538a,0.11933225890683703,OCEAN
137,0x66405cc1876e49ecd3f9771b030046f5f328892a,0xab52e0195b52c651c5625a1dd6496cabf4cda641,0.10454483309117155,OCEAN
137,0x40de175e5de5139c1e754d6fdc8b01ac23065700,0xda7f8df9c6bae04fbe2b3ef3d546b0a00d56538a,0.1566826333802867,OCEAN
137,0x40de175e5de5139c1e754d6fdc8b01ac23065700,0xab52e0195b52c651c5625a1dd6496cabf4cda641,0.006863341021565457,OCEAN
